CustomerID,CustomerName,OriginalChannel,ChannelName,OriginalRegion,RegionName,AnnualFreshSpending,AnnualMilkSpending,AnnualGrocerySpending,AnnualFrozenSpending,AnnualDetergentsPaperSpending,AnnualDelicatessenSpending,TotalAnnualRevenue,CustomerSegment,PaymentTerms,OrderFrequencyPerMonth,ServiceIntensityScore,ServiceIntensityDrivers,HasPremiumRequests,DaysAsCustomer,AcquisitionDate,SalesRepAssigned,AccountTier
CUST-001,"Rodriguez, Figueroa and Sanchez",2,Retail,3,Other_Regions,12669,9656,7561,214,2674,1338,34112,Mid-Market,Net-30,0.6272565711277879,2.7,Retail channel + Low frequency + Payment Net-30,False,451,2023-08-11,REP-13,STANDARD
CUST-002,Doyle Ltd,2,Retail,3,Other_Regions,7057,9810,9568,1762,3293,1776,33266,Mid-Market,Net-90,1.9799593677517633,4.7,Retail channel + Low frequency + Payment Net-90,False,888,2022-05-31,REP-23,STANDARD
CUST-003,"Mcclain, Miller and Henderson",2,Retail,3,Other_Regions,6353,8808,7684,2405,3516,7844,36610,Mid-Market,Net-60,1.0614061936341805,3.0,Retail channel + Low frequency + Payment Net-60,False,901,2022-05-18,REP-19,STANDARD
CUST-004,Davis and Sons,1,HORECA,3,Other_Regions,13265,1196,4221,6404,507,1788,27381,Mid-Market,Net-30,3.7412842941337816,5.6,HORECA channel + Moderate frequency + Payment Net-30,False,665,2023-01-09,REP-08,STANDARD
CUST-005,"Guzman, Hoffman and Baldwin",2,Retail,3,Other_Regions,22615,5410,7198,3915,1777,5185,46100,Mid-Market,Net-30,1.719199350886254,3.3,Retail channel + Low frequency + Payment Net-30,False,607,2023-03-08,REP-22,STANDARD
CUST-006,"Gardner, Robinson and Lawrence",2,Retail,3,Other_Regions,9413,8259,5126,666,1795,1451,26710,Mid-Market,Net-30,1.920872866075788,2.7,Retail channel + Low frequency + Payment Net-30,False,486,2023-07-07,REP-05,STANDARD
CUST-007,Blake and Sons,2,Retail,3,Other_Regions,12126,3199,6975,480,3140,545,26465,Mid-Market,Net-30,1.9790015957343063,3.2,Retail channel + Low frequency + Payment Net-30,False,511,2023-06-12,REP-20,STANDARD
CUST-008,"Henderson, Ramirez and Lewis",2,Retail,3,Other_Regions,7579,4956,9426,1669,3321,2566,29517,Mid-Market,Net-60,1.6300672778884124,3.2,Retail channel + Low frequency + Payment Net-60,False,931,2022-04-18,REP-08,STANDARD
CUST-009,Garcia-James,1,HORECA,3,Other_Regions,5963,3648,6192,425,1716,750,18694,SMB,Net-60,3.7525191710618317,6.1,HORECA channel + Moderate frequency + Payment Net-60,True,720,2022-11-15,REP-24,STANDARD
CUST-010,Abbott-Munoz,2,Retail,3,Other_Regions,6006,11093,18881,1159,7425,2098,46662,Mid-Market,Net-60,0.6252510750480031,3.2,Retail channel + Low frequency + Payment Net-60,False,1049,2021-12-21,REP-12,STANDARD
CUST-011,Blair PLC,2,Retail,3,Other_Regions,3366,5403,12974,4400,5977,1744,33864,Mid-Market,Net-30,1.6657203738911552,3.2,Retail channel + Low frequency + Payment Net-30,False,995,2022-02-13,REP-01,STANDARD
CUST-012,Dudley Group,2,Retail,3,Other_Regions,13146,1124,4523,1420,549,497,21259,Mid-Market,Net-90,1.3376063746037077,4.9,Retail channel + Low frequency + Payment Net-90,False,673,2023-01-01,REP-25,STANDARD
CUST-013,Arnold Ltd,2,Retail,3,Other_Regions,31714,12319,11757,287,3881,2931,62889,Enterprise,Net-60,1.1363330138704644,3.8,Retail channel + Low frequency + Payment Net-60,False,1059,2021-12-11,REP-21,ENTERPRISE
CUST-014,"Mcclure, Ward and Lee",2,Retail,3,Other_Regions,21217,6208,14982,3095,6707,602,52811,Enterprise,Net-30,1.859531577642104,2.9,Retail channel + Low frequency + Payment Net-30,False,652,2023-01-22,REP-20,ENTERPRISE
CUST-015,Williams and Sons,2,Retail,3,Other_Regions,24653,9465,12091,294,5058,2168,53729,Enterprise,Net-30,0.6667962234592271,3.2,Retail channel + Low frequency + Payment Net-30,False,671,2023-01-03,REP-06,ENTERPRISE
CUST-016,Galloway-Wyatt,1,HORECA,3,Other_Regions,10253,1114,3821,397,964,412,16961,SMB,Net-30,3.9852502085817183,5.7,HORECA channel + Moderate frequency + Payment Net-30,False,958,2022-03-22,REP-22,STANDARD
CUST-017,James Group,2,Retail,3,Other_Regions,1020,8816,12121,134,4508,1080,27679,Mid-Market,Net-30,0.5170304671511285,2.8,Retail channel + Low frequency + Payment Net-30,False,1087,2021-11-13,REP-18,STANDARD
CUST-018,"Flowers, Martin and Kelly",1,HORECA,3,Other_Regions,5876,6157,2933,839,370,4478,20653,Mid-Market,Net-30,3.9373212839882523,6.4,HORECA channel + Moderate frequency + Payment Net-30,True,1026,2022-01-13,REP-08,STANDARD
CUST-019,"Adams, Zuniga and Wong",2,Retail,3,Other_Regions,18601,6327,10099,2205,2767,3181,43180,Mid-Market,Net-30,0.584454913522756,2.5,Retail channel + Low frequency + Payment Net-30,False,913,2022-05-06,REP-07,STANDARD
CUST-020,"Reid, Ferguson and Sanchez",1,HORECA,3,Other_Regions,7780,2495,9464,669,2518,501,23427,Mid-Market,Net-30,3.237635832536144,5.6,HORECA channel + Moderate frequency + Payment Net-30,False,716,2022-11-19,REP-01,STANDARD
CUST-021,Gray-Mayo,2,Retail,3,Other_Regions,17546,4519,4602,1066,2259,2124,32116,Mid-Market,Net-60,0.6762893701656574,3.2,Retail channel + Low frequency + Payment Net-60,False,676,2022-12-29,REP-21,STANDARD
CUST-022,"Watts, Robinson and Nguyen",1,HORECA,3,Other_Regions,5567,871,2010,3383,375,569,12775,SMB,Net-30,4.298420604232128,6.5,HORECA channel + High order frequency + Payment Net-30,True,423,2023-09-08,REP-16,STANDARD
CUST-023,Perez Inc,1,HORECA,3,Other_Regions,31276,1917,4469,9408,2381,4334,53785,Enterprise,Net-30,4.492089758530847,6.7,HORECA channel + High order frequency + Payment Net-30,True,1007,2022-02-01,REP-12,STANDARD
CUST-024,Morales-Jones,2,Retail,3,Other_Regions,26373,36423,22019,5154,4337,16523,110829,Enterprise,Net-30,1.3750531476457395,3.1,Retail channel + Low frequency + Payment Net-30,False,1078,2021-11-22,REP-06,ENTERPRISE
CUST-025,"Walter, Edwards and Rios",2,Retail,3,Other_Regions,22647,9776,13792,2915,4482,5778,59390,Enterprise,Net-30,1.9432588227118128,2.9,Retail channel + Low frequency + Payment Net-30,False,399,2023-10-02,REP-20,ENTERPRISE
CUST-026,Wilkerson-Day,2,Retail,3,Other_Regions,16165,4230,7595,201,4003,57,32251,Mid-Market,Net-60,1.062305869285556,3.9,Retail channel + Low frequency + Payment Net-60,False,809,2022-08-18,REP-02,STANDARD
CUST-027,Baker and Sons,1,HORECA,3,Other_Regions,9898,961,2861,3151,242,833,17946,SMB,Net-30,3.5714241725637215,6.3,HORECA channel + Moderate frequency + Payment Net-30,True,457,2023-08-05,REP-14,STANDARD
CUST-028,"Hoffman, Baker and Richards",1,HORECA,3,Other_Regions,14276,803,3045,485,100,518,19227,SMB,Net-30,4.737198256378921,6.8,HORECA channel + High order frequency + Payment Net-30,True,571,2023-04-13,REP-04,STANDARD
CUST-029,"Ross, Robinson and Bright",2,Retail,3,Other_Regions,4113,20484,25957,1158,8604,5206,65522,Enterprise,Net-30,0.835393757779179,2.8,Retail channel + Low frequency + Payment Net-30,False,717,2022-11-18,REP-01,ENTERPRISE
CUST-030,"Snyder, Campos and Callahan",1,HORECA,3,Other_Regions,43088,2100,2609,1200,1107,823,50927,Enterprise,Net-30,4.926445078881223,6.9,HORECA channel + High order frequency + Payment Net-30,True,696,2022-12-09,REP-23,STANDARD
CUST-031,Burton Ltd,1,HORECA,3,Other_Regions,18815,3610,11107,1148,2134,2963,39777,Mid-Market,Net-60,3.0243089493796327,6.6,HORECA channel + Moderate frequency + Payment Net-60,True,1089,2021-11-11,REP-18,STANDARD
CUST-032,Carlson-Cruz,1,HORECA,3,Other_Regions,2612,4339,3133,2088,820,985,13977,SMB,Net-30,4.939757653415278,6.8,HORECA channel + High order frequency + Payment Net-30,True,523,2023-05-31,REP-13,STANDARD
CUST-033,"Ferrell, Rice and Maddox",1,HORECA,3,Other_Regions,21632,1318,2886,266,918,405,27425,Mid-Market,Net-30,3.0863198239011522,6.1,HORECA channel + Moderate frequency + Payment Net-30,True,388,2023-10-13,REP-02,STANDARD
CUST-034,Frazier Inc,1,HORECA,3,Other_Regions,29729,4786,7326,6130,361,1083,49415,Mid-Market,Net-90,4.782286227396142,8.4,HORECA channel + High order frequency + Payment Net-90,True,768,2022-09-28,REP-09,PREMIUM
CUST-035,"Dyer, Potter and Mack",1,HORECA,3,Other_Regions,1502,1979,2262,425,483,395,7046,SMB,Net-90,4.0554022181726,8.6,HORECA channel + High order frequency + Payment Net-90,True,880,2022-06-08,REP-21,PREMIUM
CUST-036,Rodriguez-Graham,2,Retail,3,Other_Regions,688,5491,11091,833,4239,436,22778,Mid-Market,Net-60,1.9894471941789504,3.4,Retail channel + Low frequency + Payment Net-60,False,728,2022-11-07,REP-02,STANDARD
CUST-037,Smith-Bowen,1,HORECA,3,Other_Regions,29955,4362,5428,1729,862,4626,46962,Mid-Market,Net-30,3.1475931294707977,5.8,HORECA channel + Moderate frequency + Payment Net-30,False,746,2022-10-20,REP-25,STANDARD
CUST-038,"Baker, Mason and White",2,Retail,3,Other_Regions,15168,10556,12477,1920,6506,714,47341,Mid-Market,Net-30,1.3307814266019813,3.4,Retail channel + Low frequency + Payment Net-30,False,896,2022-05-23,REP-09,STANDARD
CUST-039,Harrell LLC,2,Retail,3,Other_Regions,4591,15729,16709,33,6956,433,44451,Mid-Market,Net-60,1.9539538034286483,3.8,Retail channel + Low frequency + Payment Net-60,False,516,2023-06-07,REP-01,STANDARD
CUST-040,"Romero, Gonzalez and Brooks",1,HORECA,3,Other_Regions,56159,555,902,10002,212,2916,70746,Enterprise,Net-30,4.046195688340298,6.6,HORECA channel + High order frequency + Payment Net-30,True,926,2022-04-23,REP-11,STANDARD
CUST-041,Ryan PLC,1,HORECA,3,Other_Regions,24025,4332,4757,9510,1145,5864,49633,Mid-Market,Net-30,4.258797276270525,7.4,HORECA channel + High order frequency + Payment Net-30,True,1053,2021-12-17,REP-03,PREMIUM
CUST-042,George Group,1,HORECA,3,Other_Regions,19176,3065,5956,2033,2575,2802,35607,Mid-Market,Net-30,4.391497377969234,7.0,HORECA channel + High order frequency + Payment Net-30,True,972,2022-03-08,REP-20,PREMIUM
CUST-043,Rodriguez LLC,2,Retail,3,Other_Regions,10850,7555,14961,188,6899,46,40499,Mid-Market,Net-30,1.1818115971516598,3.4,Retail channel + Low frequency + Payment Net-30,False,981,2022-02-27,REP-23,STANDARD
CUST-044,Allen-Allen,2,Retail,3,Other_Regions,630,11095,23998,787,9529,72,46111,Mid-Market,Net-90,1.4413371201260952,4.8,Retail channel + Low frequency + Payment Net-90,False,784,2022-09-12,REP-04,STANDARD
CUST-045,"Arroyo, Miller and Tucker",2,Retail,3,Other_Regions,9670,7027,10471,541,4618,65,32392,Mid-Market,Net-30,1.3764714678846504,2.9,Retail channel + Low frequency + Payment Net-30,False,614,2023-03-01,REP-18,STANDARD
CUST-046,Spence PLC,2,Retail,3,Other_Regions,5181,22044,21531,1740,7353,4985,62834,Enterprise,Net-60,1.8517370157364834,3.0,Retail channel + Low frequency + Payment Net-60,False,481,2023-07-12,REP-23,ENTERPRISE
CUST-047,Anderson Group,2,Retail,3,Other_Regions,3103,14069,21955,1668,6792,1452,49039,Mid-Market,Net-30,0.5681695705121868,2.8,Retail channel + Low frequency + Payment Net-30,False,876,2022-06-12,REP-06,STANDARD
CUST-048,"Martin, Rose and Obrien",2,Retail,3,Other_Regions,44466,54259,55571,7782,24171,6465,192714,Enterprise,Net-30,0.9214447843883455,3.0,Retail channel + Low frequency + Payment Net-30,False,942,2022-04-07,REP-03,ENTERPRISE
CUST-049,Hickman Ltd,2,Retail,3,Other_Regions,11519,6152,10868,584,5121,1476,35720,Mid-Market,Net-30,1.925617226114838,3.1,Retail channel + Low frequency + Payment Net-30,False,699,2022-12-06,REP-22,STANDARD
CUST-050,"Harris, Collins and Carney",2,Retail,3,Other_Regions,4967,21412,28921,1798,13583,1163,71844,Enterprise,Net-30,1.8353956758363745,2.8,Retail channel + Low frequency + Payment Net-30,False,782,2022-09-14,REP-11,ENTERPRISE
CUST-051,"Brooks, Lam and Hayes",1,HORECA,3,Other_Regions,6269,1095,1980,3860,609,2162,15975,SMB,Net-90,3.911313505571426,7.1,HORECA channel + Moderate frequency + Payment Net-90,True,659,2023-01-15,REP-15,PREMIUM
CUST-052,Walker LLC,1,HORECA,3,Other_Regions,3347,4051,6996,239,1538,301,16472,SMB,Net-60,4.240265195603073,7.8,HORECA channel + High order frequency + Payment Net-60,True,735,2022-10-31,REP-22,PREMIUM
CUST-053,Chapman and Sons,2,Retail,3,Other_Regions,40721,3916,5876,532,2587,1278,54910,Enterprise,Net-90,0.9160717744716991,5.0,Retail channel + Low frequency + Payment Net-90,False,550,2023-05-04,REP-05,STANDARD
CUST-054,"Robinson, Jones and Welch",2,Retail,3,Other_Regions,491,10473,11532,744,5611,224,29075,Mid-Market,Net-60,0.782181739585642,3.5,Retail channel + Low frequency + Payment Net-60,False,610,2023-03-05,REP-20,STANDARD
CUST-055,Jones Inc,1,HORECA,3,Other_Regions,27329,1449,1947,2436,204,1333,34698,Mid-Market,Net-30,3.9273968098799643,5.7,HORECA channel + Moderate frequency + Payment Net-30,False,1001,2022-02-07,REP-10,STANDARD
CUST-056,Jones-Young,1,HORECA,3,Other_Regions,5264,3683,5005,1057,2024,1130,18163,SMB,Net-90,3.7067044560521056,7.3,HORECA channel + Moderate frequency + Payment Net-90,True,632,2023-02-11,REP-12,PREMIUM
CUST-057,"Washington, Ryan and Cummings",2,Retail,3,Other_Regions,4098,29892,26866,2616,17740,1340,82552,Enterprise,Net-30,1.375484167776308,2.5,Retail channel + Low frequency + Payment Net-30,False,1007,2022-02-01,REP-15,ENTERPRISE
CUST-058,"Johnston, Sanchez and Kennedy",2,Retail,3,Other_Regions,5417,9933,10487,38,7572,1282,34729,Mid-Market,Net-30,0.6166019554474773,3.4,Retail channel + Low frequency + Payment Net-30,False,601,2023-03-14,REP-17,STANDARD
CUST-059,Lee-Davis,1,HORECA,3,Other_Regions,13779,1970,1648,596,227,436,18656,SMB,Net-30,4.948789615332333,6.6,HORECA channel + High order frequency + Payment Net-30,True,894,2022-05-25,REP-10,STANDARD
CUST-060,Gomez-Jenkins,1,HORECA,3,Other_Regions,6137,5360,8040,129,3084,1603,24353,Mid-Market,Net-30,4.972421488959206,7.1,HORECA channel + High order frequency + Payment Net-30,True,916,2022-05-03,REP-06,PREMIUM
CUST-061,"Brown, Valdez and Lucas",2,Retail,3,Other_Regions,8590,3045,7854,96,4095,225,23905,Mid-Market,Net-30,1.5472425710296176,2.8,Retail channel + Low frequency + Payment Net-30,False,385,2023-10-16,REP-18,STANDARD
CUST-062,Powell LLC,2,Retail,3,Other_Regions,35942,38369,59598,3254,26701,2017,165881,Enterprise,Net-30,1.3041445495161805,3.1,Retail channel + Low frequency + Payment Net-30,False,884,2022-06-04,REP-13,ENTERPRISE
CUST-063,Wright and Sons,2,Retail,3,Other_Regions,7823,6245,6544,4154,4074,964,29804,Mid-Market,Net-60,0.9642914244294916,3.7,Retail channel + Low frequency + Payment Net-60,False,464,2023-07-29,REP-03,STANDARD
CUST-064,"West, Henderson and Ramirez",2,Retail,3,Other_Regions,9396,11601,15775,2896,7677,1295,48640,Mid-Market,Net-30,1.720692529560423,3.3,Retail channel + Low frequency + Payment Net-30,False,842,2022-07-16,REP-24,STANDARD
CUST-065,Baxter Inc,1,HORECA,3,Other_Regions,4760,1227,3250,3724,1247,1145,15353,SMB,Net-30,4.369462345107759,6.7,HORECA channel + High order frequency + Payment Net-30,True,963,2022-03-17,REP-10,STANDARD
CUST-066,Morton-Chase,2,Retail,3,Other_Regions,85,20959,45828,36,24231,1423,92562,Enterprise,Net-30,0.743925409017337,2.5,Retail channel + Low frequency + Payment Net-30,False,662,2023-01-12,REP-14,ENTERPRISE
CUST-067,Williams PLC,1,HORECA,3,Other_Regions,9,1534,7417,175,3468,27,12630,SMB,Net-30,4.821854368987685,6.6,HORECA channel + High order frequency + Payment Net-30,True,890,2022-05-29,REP-06,STANDARD
CUST-068,Novak and Sons,2,Retail,3,Other_Regions,19913,6759,13462,1256,5141,834,47365,Mid-Market,Net-60,1.7338058643847534,3.9,Retail channel + Low frequency + Payment Net-60,False,698,2022-12-07,REP-03,STANDARD
CUST-069,Russell Group,1,HORECA,3,Other_Regions,2446,7260,3993,5870,788,3095,23452,Mid-Market,Net-30,4.899599826583848,7.4,HORECA channel + High order frequency + Payment Net-30,True,366,2023-11-04,REP-16,PREMIUM
CUST-070,Hancock Inc,1,HORECA,3,Other_Regions,8352,2820,1293,779,656,144,14044,SMB,Net-90,4.45143901677672,8.6,HORECA channel + High order frequency + Payment Net-90,True,739,2022-10-27,REP-07,PREMIUM
CUST-071,Gray Group,1,HORECA,3,Other_Regions,16705,2037,3202,10643,116,1365,34068,Mid-Market,Net-60,4.22683039187158,7.6,HORECA channel + High order frequency + Payment Net-60,True,657,2023-01-17,REP-20,PREMIUM
CUST-072,House-Glover,1,HORECA,3,Other_Regions,18291,1266,21042,5373,4173,14472,64617,Enterprise,Net-30,3.8364860725812377,6.2,HORECA channel + Moderate frequency + Payment Net-30,True,917,2022-05-02,REP-14,STANDARD
CUST-073,Henderson-Bernard,1,HORECA,3,Other_Regions,4420,5139,2661,8872,1321,181,22594,Mid-Market,Net-30,4.8654569667080265,6.7,HORECA channel + High order frequency + Payment Net-30,True,682,2022-12-23,REP-09,STANDARD
CUST-074,"Stanley, Tucker and Lee",2,Retail,3,Other_Regions,19899,5332,8713,8132,764,648,43488,Mid-Market,Net-60,1.7990958342506125,3.9,Retail channel + Low frequency + Payment Net-60,False,866,2022-06-22,REP-15,STANDARD
CUST-075,Novak PLC,2,Retail,3,Other_Regions,8190,6343,9794,1285,1901,1780,29293,Mid-Market,Net-60,0.5678280051592841,3.4,Retail channel + Low frequency + Payment Net-60,False,745,2022-10-21,REP-21,STANDARD
CUST-076,"Daniels, Adkins and Brown",1,HORECA,3,Other_Regions,20398,1137,3,4407,3,975,26923,Mid-Market,Net-60,3.0527339489945042,6.4,HORECA channel + Moderate frequency + Payment Net-60,True,987,2022-02-21,REP-03,STANDARD
CUST-077,"Woods, Calhoun and Schmidt",1,HORECA,3,Other_Regions,717,3587,6532,7530,529,894,19789,SMB,Net-60,3.752926733756099,6.5,HORECA channel + Moderate frequency + Payment Net-60,True,378,2023-10-23,REP-02,STANDARD
CUST-078,Yu Inc,2,Retail,3,Other_Regions,12205,12697,28540,869,12034,1009,67354,Enterprise,Net-30,1.7158299961727494,2.5,Retail channel + Low frequency + Payment Net-30,False,868,2022-06-20,REP-02,ENTERPRISE
CUST-079,Jones Inc,1,HORECA,3,Other_Regions,10766,1175,2067,2096,301,167,16572,SMB,Net-30,4.974552258629889,6.7,HORECA channel + High order frequency + Payment Net-30,True,595,2023-03-20,REP-03,STANDARD
CUST-080,"Hensley, Powell and David",1,HORECA,3,Other_Regions,1640,3259,3655,868,1202,1653,12277,SMB,Net-30,3.3008337822070564,6.2,HORECA channel + Moderate frequency + Payment Net-30,True,448,2023-08-14,REP-18,STANDARD
CUST-081,"Sanchez, Wheeler and Harvey",1,HORECA,3,Other_Regions,7005,829,3009,430,610,529,12412,SMB,Net-60,4.18826143070427,7.1,HORECA channel + High order frequency + Payment Net-60,True,494,2023-06-29,REP-14,PREMIUM
CUST-082,Sandoval-Cunningham,2,Retail,3,Other_Regions,219,9540,14403,283,7818,156,32419,Mid-Market,Net-60,1.0713362849465322,3.6,Retail channel + Low frequency + Payment Net-60,False,509,2023-06-14,REP-20,STANDARD
CUST-083,Donovan-Harris,2,Retail,3,Other_Regions,10362,9232,11009,737,3537,2342,37219,Mid-Market,Net-30,1.9548715967219048,2.7,Retail channel + Low frequency + Payment Net-30,False,392,2023-10-09,REP-18,STANDARD
CUST-084,"Edwards, Baker and Anderson",1,HORECA,3,Other_Regions,20874,1563,1783,2320,550,772,27862,Mid-Market,Net-30,4.684237846271417,6.9,HORECA channel + High order frequency + Payment Net-30,True,430,2023-09-01,REP-10,STANDARD
CUST-085,"Evans, Stewart and Walton",2,Retail,3,Other_Regions,11867,3327,4814,1178,3837,120,25143,Mid-Market,Net-30,1.7574930570667067,2.8,Retail channel + Low frequency + Payment Net-30,False,527,2023-05-27,REP-25,STANDARD
CUST-086,Smith PLC,2,Retail,3,Other_Regions,16117,46197,92780,1026,40827,2944,199891,Enterprise,Net-30,1.2030397396924555,2.9,Retail channel + Low frequency + Payment Net-30,False,593,2023-03-22,REP-02,ENTERPRISE
CUST-087,"Ferrell, Jones and Lewis",2,Retail,3,Other_Regions,22925,73498,32114,987,20070,903,150497,Enterprise,Net-60,1.1222292535064977,3.7,Retail channel + Low frequency + Payment Net-60,False,625,2023-02-18,REP-25,ENTERPRISE
CUST-088,Anderson-Bailey,1,HORECA,3,Other_Regions,43265,5025,8117,6312,1579,14351,78649,Enterprise,Net-60,3.5468141438614125,6.3,HORECA channel + Moderate frequency + Payment Net-60,True,813,2022-08-14,REP-22,STANDARD
CUST-089,Suarez LLC,1,HORECA,3,Other_Regions,7864,542,4042,9735,165,46,22394,Mid-Market,Net-60,3.1127509933018542,6.6,HORECA channel + Moderate frequency + Payment Net-60,True,788,2022-09-08,REP-01,STANDARD
CUST-090,Moore-Bass,1,HORECA,3,Other_Regions,24904,3836,5330,3443,454,3178,41145,Mid-Market,Net-30,4.729444752510107,7.0,HORECA channel + High order frequency + Payment Net-30,True,824,2022-08-03,REP-04,PREMIUM
CUST-091,"Turner, Riggs and Roman",1,HORECA,3,Other_Regions,11405,596,1638,3347,69,360,17415,SMB,Net-30,4.625802018260155,7.2,HORECA channel + High order frequency + Payment Net-30,True,1040,2021-12-30,REP-14,PREMIUM
CUST-092,"Smith, Montoya and Evans",1,HORECA,3,Other_Regions,12754,2762,2530,8693,627,1117,28483,Mid-Market,Net-60,4.999435346572261,7.9,HORECA channel + High order frequency + Payment Net-60,True,665,2023-01-09,REP-01,PREMIUM
CUST-093,"Garcia, Humphrey and Baker",2,Retail,3,Other_Regions,9198,27472,32034,3232,18906,5130,95972,Enterprise,Net-60,1.994955255610858,3.7,Retail channel + Low frequency + Payment Net-60,False,667,2023-01-07,REP-14,ENTERPRISE
CUST-094,Newton and Sons,1,HORECA,3,Other_Regions,11314,3090,2062,35009,71,2698,54244,Enterprise,Net-30,4.110863411205255,6.7,HORECA channel + High order frequency + Payment Net-30,True,651,2023-01-23,REP-16,STANDARD
CUST-095,Campbell-Clark,2,Retail,3,Other_Regions,5626,12220,11323,206,5038,244,34657,Mid-Market,Net-60,1.6534811227707658,3.0,Retail channel + Low frequency + Payment Net-60,False,759,2022-10-07,REP-22,STANDARD
CUST-096,Harris-Walters,1,HORECA,3,Other_Regions,3,2920,6252,440,223,709,10547,SMB,Net-30,4.889531459764856,6.8,HORECA channel + High order frequency + Payment Net-30,True,374,2023-10-27,REP-14,STANDARD
CUST-097,Wagner-King,2,Retail,3,Other_Regions,23,2616,8118,145,3874,217,14993,SMB,Net-30,1.7744710860161172,3.1,Retail channel + Low frequency + Payment Net-30,False,1071,2021-11-29,REP-20,STANDARD
CUST-098,Davis Group,1,HORECA,3,Other_Regions,403,254,610,774,54,63,2158,SMB,Net-30,3.494696203486395,5.6,HORECA channel + Moderate frequency + Payment Net-30,False,994,2022-02-14,REP-03,STANDARD
CUST-099,Williams-Cook,1,HORECA,3,Other_Regions,503,112,778,895,56,132,2476,SMB,Net-30,3.9010882706201873,6.0,HORECA channel + Moderate frequency + Payment Net-30,False,634,2023-02-09,REP-03,STANDARD
CUST-100,Walsh LLC,1,HORECA,3,Other_Regions,9658,2182,1909,5639,215,323,19926,SMB,Net-30,3.25831883030299,6.1,HORECA channel + Moderate frequency + Payment Net-30,True,956,2022-03-24,REP-09,STANDARD
CUST-101,Figueroa PLC,2,Retail,3,Other_Regions,11594,7779,12144,3252,8035,3029,45833,Mid-Market,Net-30,1.9310765408880837,2.8,Retail channel + Low frequency + Payment Net-30,False,969,2022-03-11,REP-06,STANDARD
CUST-102,"Patterson, Smith and Jones",2,Retail,3,Other_Regions,1420,10810,16267,1593,6766,1838,38694,Mid-Market,Net-60,1.40926195167632,3.8,Retail channel + Low frequency + Payment Net-60,False,725,2022-11-10,REP-25,STANDARD
CUST-103,"Mckee, Gardner and Davenport",2,Retail,3,Other_Regions,2932,6459,7677,2561,4573,1386,25588,Mid-Market,Net-30,0.842964208255194,2.6,Retail channel + Low frequency + Payment Net-30,False,621,2023-02-22,REP-13,STANDARD
CUST-104,"Tran, Jordan and Williams",1,HORECA,3,Other_Regions,56082,3504,8906,18028,1480,2498,90498,Enterprise,Net-30,4.343401368811714,6.6,HORECA channel + High order frequency + Payment Net-30,True,497,2023-06-26,REP-21,STANDARD
CUST-105,Nolan-Flynn,1,HORECA,3,Other_Regions,14100,2132,3445,1336,1491,548,23052,Mid-Market,Net-90,4.236256480915792,8.7,HORECA channel + High order frequency + Payment Net-90,True,640,2023-02-03,REP-02,PREMIUM
CUST-106,Nolan and Sons,1,HORECA,3,Other_Regions,15587,1014,3970,910,139,1378,22998,Mid-Market,Net-30,3.7163254360656808,6.0,HORECA channel + Moderate frequency + Payment Net-30,False,1047,2021-12-23,REP-08,STANDARD
CUST-107,"Wright, Garcia and Deleon",2,Retail,3,Other_Regions,1454,6337,10704,133,6830,1831,27289,Mid-Market,Net-30,0.6703363882994435,3.2,Retail channel + Low frequency + Payment Net-30,False,877,2022-06-11,REP-21,STANDARD
CUST-108,Dickson-Brady,2,Retail,3,Other_Regions,8797,10646,14886,2471,8969,1438,47207,Mid-Market,Net-60,1.5073597933891993,3.4,Retail channel + Low frequency + Payment Net-60,False,677,2022-12-28,REP-02,STANDARD
CUST-109,Hancock and Sons,2,Retail,3,Other_Regions,1531,8397,6981,247,2505,1236,20897,Mid-Market,Net-30,1.2804615513556898,2.7,Retail channel + Low frequency + Payment Net-30,False,940,2022-04-09,REP-04,STANDARD
CUST-110,Johnson-Doyle,2,Retail,3,Other_Regions,1406,16729,28986,673,836,3,48633,Mid-Market,Net-30,1.658477587603459,3.3,Retail channel + Low frequency + Payment Net-30,False,648,2023-01-26,REP-25,STANDARD
CUST-111,Patton-Jenkins,1,HORECA,3,Other_Regions,11818,1648,1694,2276,169,1647,19252,SMB,Net-30,4.040327002223987,7.3,HORECA channel + High order frequency + Payment Net-30,True,485,2023-07-08,REP-15,PREMIUM
CUST-112,"Shields, Cochran and Adams",2,Retail,3,Other_Regions,12579,11114,17569,805,6457,1519,50043,Enterprise,Net-30,1.7782722504778101,3.2,Retail channel + Low frequency + Payment Net-30,False,471,2023-07-22,REP-04,ENTERPRISE
CUST-113,"Rodriguez, Brennan and Garrison",1,HORECA,3,Other_Regions,19046,2770,2469,8853,483,2708,36329,Mid-Market,Net-90,4.103813677548971,8.3,HORECA channel + High order frequency + Payment Net-90,True,1051,2021-12-19,REP-13,PREMIUM
CUST-114,Gonzalez Group,1,HORECA,3,Other_Regions,14438,2295,1733,3220,585,1561,23832,Mid-Market,Net-60,4.121875943070773,7.6,HORECA channel + High order frequency + Payment Net-60,True,568,2023-04-16,REP-12,PREMIUM
CUST-115,Torres-Pope,1,HORECA,3,Other_Regions,18044,1080,2000,2555,118,1266,25063,Mid-Market,Net-60,4.75330720531669,7.4,HORECA channel + High order frequency + Payment Net-60,True,529,2023-05-25,REP-13,PREMIUM
CUST-116,Walker Ltd,1,HORECA,3,Other_Regions,11134,793,2988,2715,276,610,18516,SMB,Net-60,3.806965732424794,6.1,HORECA channel + Moderate frequency + Payment Net-60,True,669,2023-01-05,REP-14,STANDARD
CUST-117,Ross LLC,1,HORECA,3,Other_Regions,11173,2521,3355,1517,310,222,19098,SMB,Net-60,3.2680304569012817,6.9,HORECA channel + Moderate frequency + Payment Net-60,True,861,2022-06-27,REP-20,STANDARD
CUST-118,Rasmussen LLC,1,HORECA,3,Other_Regions,6990,3880,5380,1647,319,1160,19376,SMB,Net-30,3.057565352626678,5.6,HORECA channel + Moderate frequency + Payment Net-30,False,996,2022-02-12,REP-18,STANDARD
CUST-119,May-Ross,1,HORECA,3,Other_Regions,20049,1891,2362,5343,411,933,30989,Mid-Market,Net-60,4.510274511347238,8.0,HORECA channel + High order frequency + Payment Net-60,True,920,2022-04-29,REP-06,PREMIUM
CUST-120,"Rivera, Johnson and Wiley",1,HORECA,3,Other_Regions,8258,2344,2147,3896,266,635,17546,SMB,Net-30,4.24061910270693,6.9,HORECA channel + High order frequency + Payment Net-30,True,520,2023-06-03,REP-11,STANDARD
CUST-121,White-Estes,1,HORECA,3,Other_Regions,17160,1200,3412,2417,174,1136,25499,Mid-Market,Net-60,4.408159536198447,7.2,HORECA channel + High order frequency + Payment Net-60,True,731,2022-11-04,REP-02,PREMIUM
CUST-122,Johnson-Carlson,1,HORECA,3,Other_Regions,4020,3234,1498,2395,264,255,11666,SMB,Net-60,3.4259283230178212,6.5,HORECA channel + Moderate frequency + Payment Net-60,True,1083,2021-11-17,REP-23,STANDARD
CUST-123,Chandler-Edwards,1,HORECA,3,Other_Regions,12212,201,245,1991,25,860,15534,SMB,Net-30,3.2727429511735395,6.4,HORECA channel + Moderate frequency + Payment Net-30,True,984,2022-02-24,REP-19,STANDARD
CUST-124,"Joyce, Wilson and Lam",2,Retail,3,Other_Regions,11170,10769,8814,2194,1976,143,35066,Mid-Market,Net-30,0.5218169985018228,3.2,Retail channel + Low frequency + Payment Net-30,False,615,2023-02-28,REP-19,STANDARD
CUST-125,Scott Ltd,1,HORECA,3,Other_Regions,36050,1642,2961,4787,500,1621,47561,Mid-Market,Net-30,3.701175117613194,6.3,HORECA channel + Moderate frequency + Payment Net-30,True,698,2022-12-07,REP-05,STANDARD
CUST-126,Smith-Frost,1,HORECA,3,Other_Regions,76237,3473,7102,16538,778,918,105046,Enterprise,Net-30,4.179835373709266,7.2,HORECA channel + High order frequency + Payment Net-30,True,1006,2022-02-02,REP-19,PREMIUM
CUST-127,"Mcdaniel, Bentley and Mclaughlin",1,HORECA,3,Other_Regions,19219,1840,1658,8195,349,483,31744,Mid-Market,Net-60,3.7844880901994644,6.7,HORECA channel + Moderate frequency + Payment Net-60,True,875,2022-06-13,REP-02,STANDARD
CUST-128,Diaz Inc,2,Retail,3,Other_Regions,21465,7243,10685,880,2386,2749,45408,Mid-Market,Net-60,1.1562123830355935,3.8,Retail channel + Low frequency + Payment Net-60,False,657,2023-01-17,REP-10,STANDARD
CUST-129,"Mccall, Hanson and Alvarado",1,HORECA,3,Other_Regions,140,8847,3823,142,1062,3,14017,SMB,Net-30,4.808317388987497,6.7,HORECA channel + High order frequency + Payment Net-30,True,384,2023-10-17,REP-25,STANDARD
CUST-130,Cortez LLC,1,HORECA,3,Other_Regions,42312,926,1510,1718,410,1819,48695,Mid-Market,Net-30,3.696510934046601,6.0,HORECA channel + Moderate frequency + Payment Net-30,False,646,2023-01-28,REP-02,STANDARD
CUST-131,"Parker, Ortiz and Powell",1,HORECA,3,Other_Regions,7149,2428,699,6316,395,911,17898,SMB,Net-30,4.027978978319622,6.7,HORECA channel + High order frequency + Payment Net-30,True,365,2023-11-05,REP-11,STANDARD
CUST-132,Spencer-Lee,1,HORECA,3,Other_Regions,2101,589,314,346,70,310,3730,SMB,Net-30,4.567306025482286,7.5,HORECA channel + High order frequency + Payment Net-30,True,483,2023-07-10,REP-18,PREMIUM
CUST-133,"Bentley, Byrd and Orr",1,HORECA,3,Other_Regions,14903,2032,2479,576,955,328,21273,Mid-Market,Net-30,3.7930855646425403,6.4,HORECA channel + Moderate frequency + Payment Net-30,True,399,2023-10-02,REP-24,STANDARD
CUST-134,"Carroll, Sullivan and Bass",1,HORECA,3,Other_Regions,9434,1042,1235,436,256,396,12799,SMB,Net-30,4.244173400455747,6.5,HORECA channel + High order frequency + Payment Net-30,True,562,2023-04-22,REP-15,STANDARD
CUST-135,Mitchell-Jordan,1,HORECA,3,Other_Regions,7388,1882,2174,720,47,537,12748,SMB,Net-90,4.72472741749349,8.7,HORECA channel + High order frequency + Payment Net-90,True,849,2022-07-09,REP-09,PREMIUM
CUST-136,"Lawson, Morris and Ramos",1,HORECA,3,Other_Regions,6300,1289,2591,1170,199,326,11875,SMB,Net-30,4.899041247315284,7.4,HORECA channel + High order frequency + Payment Net-30,True,423,2023-09-08,REP-23,PREMIUM
CUST-137,"Lewis, Kennedy and Santana",1,HORECA,3,Other_Regions,4625,8579,7030,4575,2447,1542,28798,Mid-Market,Net-30,3.294146961858076,5.7,HORECA channel + Moderate frequency + Payment Net-30,False,525,2023-05-29,REP-19,STANDARD
CUST-138,"Jackson, Miller and Robertson",1,HORECA,3,Other_Regions,3087,8080,8282,661,721,36,20867,Mid-Market,Net-60,4.853175250322989,7.6,HORECA channel + High order frequency + Payment Net-60,True,1055,2021-12-15,REP-09,PREMIUM
CUST-139,"Harvey, Davis and Crane",1,HORECA,3,Other_Regions,13537,4257,5034,155,249,3271,26503,Mid-Market,Net-30,3.9842325861590764,6.4,HORECA channel + Moderate frequency + Payment Net-30,True,570,2023-04-14,REP-03,STANDARD
CUST-140,Chambers and Sons,1,HORECA,3,Other_Regions,5387,4979,3343,825,637,929,16100,SMB,Net-90,3.5164887765979165,7.0,HORECA channel + Moderate frequency + Payment Net-90,True,376,2023-10-25,REP-21,PREMIUM
CUST-141,Hernandez Inc,1,HORECA,3,Other_Regions,17623,4280,7305,2279,960,2616,35063,Mid-Market,Net-90,3.9182715124765224,7.7,HORECA channel + Moderate frequency + Payment Net-90,True,854,2022-07-04,REP-09,PREMIUM
CUST-142,Riggs PLC,1,HORECA,3,Other_Regions,30379,13252,5189,321,51,1450,50642,Enterprise,Net-30,4.960065150570954,6.8,HORECA channel + High order frequency + Payment Net-30,True,640,2023-02-03,REP-14,STANDARD
CUST-143,Gibson Ltd,1,HORECA,3,Other_Regions,37036,7152,8253,2995,20,3,55459,Enterprise,Net-30,3.9852361879857394,6.4,HORECA channel + Moderate frequency + Payment Net-30,True,1057,2021-12-13,REP-19,STANDARD
CUST-144,"Lee, Horton and Snyder",1,HORECA,3,Other_Regions,10405,1596,1096,8425,399,318,22239,Mid-Market,Net-30,3.657503220575016,6.5,HORECA channel + Moderate frequency + Payment Net-30,True,606,2023-03-09,REP-07,STANDARD
CUST-145,Hernandez Ltd,1,HORECA,3,Other_Regions,18827,3677,1988,118,516,201,25327,Mid-Market,Net-30,4.2668017086334515,7.4,HORECA channel + High order frequency + Payment Net-30,True,580,2023-04-04,REP-16,PREMIUM
CUST-146,Stafford Inc,2,Retail,3,Other_Regions,22039,8384,34792,42,12591,4430,82278,Enterprise,Net-30,0.8602184281672896,3.0,Retail channel + Low frequency + Payment Net-30,False,615,2023-02-28,REP-16,ENTERPRISE
CUST-147,Robinson-Brock,1,HORECA,3,Other_Regions,7769,1936,2177,926,73,520,13401,SMB,Net-60,3.1517266562173276,6.9,HORECA channel + Moderate frequency + Payment Net-60,True,490,2023-07-03,REP-01,STANDARD
CUST-148,"Holmes, Williams and Wright",1,HORECA,3,Other_Regions,9203,3373,2707,1286,1082,526,18177,SMB,Net-30,3.2577594438212985,6.3,HORECA channel + Moderate frequency + Payment Net-30,True,581,2023-04-03,REP-04,STANDARD
CUST-149,Bryant Group,1,HORECA,3,Other_Regions,5924,584,542,4052,283,434,11819,SMB,Net-30,3.2560916779155447,5.8,HORECA channel + Moderate frequency + Payment Net-30,False,670,2023-01-04,REP-04,STANDARD
CUST-150,"Schmidt, Hansen and Stewart",1,HORECA,3,Other_Regions,31812,1433,1651,800,113,1440,37249,Mid-Market,Net-30,3.303805387024589,6.3,HORECA channel + Moderate frequency + Payment Net-30,True,549,2023-05-05,REP-07,STANDARD
CUST-151,Salazar-Ball,1,HORECA,3,Other_Regions,16225,1825,1765,853,170,1067,21905,Mid-Market,Net-90,3.2776543452988203,7.0,HORECA channel + Moderate frequency + Payment Net-90,True,403,2023-09-28,REP-08,PREMIUM
CUST-152,"Simmons, Meadows and Griffin",1,HORECA,3,Other_Regions,1289,3328,2022,531,255,1774,9199,SMB,Net-30,4.28174948960643,7.1,HORECA channel + High order frequency + Payment Net-30,True,587,2023-03-28,REP-17,PREMIUM
CUST-153,Manning Group,1,HORECA,3,Other_Regions,18840,1371,3135,3001,352,184,26883,Mid-Market,Net-30,3.3637601687982897,5.7,HORECA channel + Moderate frequency + Payment Net-30,False,548,2023-05-06,REP-05,STANDARD
CUST-154,Green-Wright,1,HORECA,3,Other_Regions,3463,9250,2368,779,302,1627,17789,SMB,Net-30,3.6913345666477264,5.6,HORECA channel + Moderate frequency + Payment Net-30,False,859,2022-06-29,REP-07,STANDARD
CUST-155,"Ramirez, Strickland and Washington",1,HORECA,3,Other_Regions,622,55,137,75,7,8,904,SMB,Net-90,4.793576819812023,8.1,HORECA channel + High order frequency + Payment Net-90,True,791,2022-09-05,REP-20,PREMIUM
CUST-156,Hill Inc,2,Retail,3,Other_Regions,1989,10690,19460,233,11577,2153,46102,Mid-Market,Net-30,1.2109424603943086,3.2,Retail channel + Low frequency + Payment Net-30,False,542,2023-05-12,REP-20,STANDARD
CUST-157,"Mitchell, Nelson and Flores",2,Retail,3,Other_Regions,3830,5291,14855,317,6694,3182,34169,Mid-Market,Net-60,1.5013366077815409,3.3,Retail channel + Low frequency + Payment Net-60,False,792,2022-09-04,REP-04,STANDARD
CUST-158,"Miller, Hernandez and Reyes",1,HORECA,3,Other_Regions,17773,1366,2474,3378,811,418,26220,Mid-Market,Net-60,3.3446397424032597,6.7,HORECA channel + Moderate frequency + Payment Net-60,True,658,2023-01-16,REP-06,STANDARD
CUST-159,Mccarthy Inc,2,Retail,3,Other_Regions,2861,6570,9618,930,4004,1682,25665,Mid-Market,Net-30,0.7884335282130062,2.6,Retail channel + Low frequency + Payment Net-30,False,515,2023-06-08,REP-07,STANDARD
CUST-160,Russell-Daniels,2,Retail,3,Other_Regions,355,7704,14682,398,8077,303,31519,Mid-Market,Net-60,0.5613029243997183,3.3,Retail channel + Low frequency + Payment Net-60,False,748,2022-10-18,REP-18,STANDARD
CUST-161,Brown-Wall,2,Retail,3,Other_Regions,1725,3651,12822,824,4424,2157,25603,Mid-Market,Net-30,0.7534025946082468,3.0,Retail channel + Low frequency + Payment Net-30,False,1002,2022-02-06,REP-05,STANDARD
CUST-162,Stein-Silva,1,HORECA,3,Other_Regions,12434,540,283,1092,3,2233,16585,SMB,Net-60,3.5571806780639172,6.8,HORECA channel + Moderate frequency + Payment Net-60,True,672,2023-01-02,REP-20,STANDARD
CUST-163,"Smith, Gilmore and Johnston",1,HORECA,3,Other_Regions,15177,2024,3810,2665,232,610,24518,Mid-Market,Net-60,3.3540209685534936,6.3,HORECA channel + Moderate frequency + Payment Net-60,True,700,2022-12-05,REP-03,STANDARD
CUST-164,Smith-Bell,2,Retail,3,Other_Regions,5531,15726,26870,2367,13726,446,64666,Enterprise,Net-30,0.6330538006355835,3.1,Retail channel + Low frequency + Payment Net-30,False,739,2022-10-27,REP-07,ENTERPRISE
CUST-165,Castaneda-Ashley,2,Retail,3,Other_Regions,5224,7603,8584,2540,3674,238,27863,Mid-Market,Net-30,0.6809538066509012,3.4,Retail channel + Low frequency + Payment Net-30,False,372,2023-10-29,REP-22,STANDARD
CUST-166,Medina-Navarro,2,Retail,3,Other_Regions,15615,12653,19858,4425,7108,2379,62038,Enterprise,Net-60,1.1911681520490887,3.6,Retail channel + Low frequency + Payment Net-60,False,705,2022-11-30,REP-14,ENTERPRISE
CUST-167,"Hurst, Freeman and Nelson",2,Retail,3,Other_Regions,4822,6721,9170,993,4973,3637,30316,Mid-Market,Net-30,0.8095005776086888,2.7,Retail channel + Low frequency + Payment Net-30,False,493,2023-06-30,REP-07,STANDARD
CUST-168,Johnson-Rogers,1,HORECA,3,Other_Regions,2926,3195,3268,405,1680,693,12167,SMB,Net-30,3.728539722096151,5.5,HORECA channel + Moderate frequency + Payment Net-30,False,1033,2022-01-06,REP-05,STANDARD
CUST-169,"Yates, Ramsey and Pittman",1,HORECA,3,Other_Regions,5809,735,803,1393,79,429,9248,SMB,Net-30,4.006834541709714,7.4,HORECA channel + High order frequency + Payment Net-30,True,716,2022-11-19,REP-22,PREMIUM
CUST-170,Hooper PLC,1,HORECA,3,Other_Regions,5414,717,2155,2399,69,750,11504,SMB,Net-30,4.380789657258731,6.5,HORECA channel + High order frequency + Payment Net-30,True,722,2022-11-13,REP-05,STANDARD
CUST-171,Meadows PLC,2,Retail,3,Other_Regions,260,8675,13430,1116,7015,323,30819,Mid-Market,Net-60,0.5589682097616484,3.9,Retail channel + Low frequency + Payment Net-60,False,881,2022-06-07,REP-23,STANDARD
CUST-172,"Alvarado, Miller and Patterson",2,Retail,3,Other_Regions,200,25862,19816,651,8773,6250,61552,Enterprise,Net-30,1.699115598363564,3.0,Retail channel + Low frequency + Payment Net-30,False,859,2022-06-29,REP-02,ENTERPRISE
CUST-173,White-Green,1,HORECA,3,Other_Regions,955,5479,6536,333,2840,707,16850,SMB,Net-30,4.255800778981816,7.4,HORECA channel + High order frequency + Payment Net-30,True,450,2023-08-12,REP-21,PREMIUM
CUST-174,Lewis-Murphy,2,Retail,3,Other_Regions,514,7677,19805,937,9836,716,39485,Mid-Market,Net-30,0.6226385479233079,3.3,Retail channel + Low frequency + Payment Net-30,False,539,2023-05-15,REP-22,STANDARD
CUST-175,Ramirez-Bean,1,HORECA,3,Other_Regions,286,1208,5241,2515,153,1442,10845,SMB,Net-60,4.747157248213554,8.0,HORECA channel + High order frequency + Payment Net-60,True,557,2023-04-27,REP-06,PREMIUM
CUST-176,King-Miller,2,Retail,3,Other_Regions,2343,7845,11874,52,4196,1697,28007,Mid-Market,Net-30,1.8813086007977198,2.9,Retail channel + Low frequency + Payment Net-30,False,675,2022-12-30,REP-15,STANDARD
CUST-177,Curry Inc,1,HORECA,3,Other_Regions,45640,6958,6536,7368,1532,230,68264,Enterprise,Net-60,3.1221559197097273,6.8,HORECA channel + Moderate frequency + Payment Net-60,True,483,2023-07-10,REP-21,STANDARD
CUST-178,Walker-Jones,1,HORECA,3,Other_Regions,12759,7330,4533,1752,20,2631,29025,Mid-Market,Net-30,3.5537552962944075,5.9,HORECA channel + Moderate frequency + Payment Net-30,False,582,2023-04-02,REP-10,STANDARD
CUST-179,"Williams, Johnson and Wright",1,HORECA,3,Other_Regions,11002,7075,4945,1152,120,395,24689,Mid-Market,Net-90,4.612402559586123,8.5,HORECA channel + High order frequency + Payment Net-90,True,791,2022-09-05,REP-23,PREMIUM
CUST-180,Howell and Sons,1,HORECA,3,Other_Regions,3157,4888,2500,4477,273,2165,17460,SMB,Net-30,4.4965193807673165,7.1,HORECA channel + High order frequency + Payment Net-30,True,778,2022-09-18,REP-24,PREMIUM
CUST-181,Wells Inc,1,HORECA,3,Other_Regions,12356,6036,8887,402,1382,2794,31857,Mid-Market,Net-30,3.3690420387127546,6.4,HORECA channel + Moderate frequency + Payment Net-30,True,478,2023-07-15,REP-07,STANDARD
CUST-182,"Gould, Marshall and Scott",1,HORECA,3,Other_Regions,112151,29627,18148,16745,4948,8550,190169,Enterprise,Net-30,3.4186986466734206,6.5,HORECA channel + Moderate frequency + Payment Net-30,True,509,2023-06-14,REP-05,STANDARD
CUST-183,Jackson-Lawson,1,HORECA,3,Other_Regions,694,8533,10518,443,6907,156,27251,Mid-Market,Net-90,3.740944205582764,7.8,HORECA channel + Moderate frequency + Payment Net-90,True,902,2022-05-17,REP-01,PREMIUM
CUST-184,"Higgins, Strickland and Martin",1,HORECA,3,Other_Regions,36847,43950,20170,36534,239,47943,185683,Enterprise,Net-60,3.9690459703820427,6.4,HORECA channel + Moderate frequency + Payment Net-60,True,1012,2022-01-27,REP-13,STANDARD
CUST-185,Rodriguez-Johnson,1,HORECA,3,Other_Regions,327,918,4710,74,334,11,6374,SMB,Net-30,4.236509543060592,6.9,HORECA channel + High order frequency + Payment Net-30,True,667,2023-01-07,REP-21,STANDARD
CUST-186,Johnston-Odonnell,1,HORECA,3,Other_Regions,8170,6448,1139,2181,58,247,18243,SMB,Net-60,3.7378272791395446,6.7,HORECA channel + Moderate frequency + Payment Net-60,True,952,2022-03-28,REP-18,STANDARD
CUST-187,Sanders-Espinoza,1,HORECA,3,Other_Regions,3009,521,854,3470,949,727,9530,SMB,Net-60,3.925069432266296,6.2,HORECA channel + Moderate frequency + Payment Net-60,True,709,2022-11-26,REP-13,STANDARD
CUST-188,Vargas Ltd,1,HORECA,3,Other_Regions,2438,8002,9819,6269,3459,3,29990,Mid-Market,Net-30,4.494941876267513,6.6,HORECA channel + High order frequency + Payment Net-30,True,365,2023-11-05,REP-21,STANDARD
CUST-189,Garcia LLC,2,Retail,3,Other_Regions,8040,7639,11687,2758,6839,404,37367,Mid-Market,Net-30,0.5550248043358968,2.9,Retail channel + Low frequency + Payment Net-30,False,511,2023-06-12,REP-21,STANDARD
CUST-190,"Burke, Martinez and Riggs",2,Retail,3,Other_Regions,834,11577,11522,275,4027,1856,30091,Mid-Market,Net-30,0.8786554165160312,2.8,Retail channel + Low frequency + Payment Net-30,False,651,2023-01-23,REP-18,STANDARD
CUST-191,Reed Group,1,HORECA,3,Other_Regions,16936,6250,1981,7332,118,64,32681,Mid-Market,Net-30,4.426699171769105,6.8,HORECA channel + High order frequency + Payment Net-30,True,1018,2022-01-21,REP-05,STANDARD
CUST-192,"Wood, Hunter and Peterson",1,HORECA,3,Other_Regions,13624,295,1381,890,43,84,16317,SMB,Net-60,4.790413675374399,7.2,HORECA channel + High order frequency + Payment Net-60,True,417,2023-09-14,REP-13,PREMIUM
CUST-193,Short-Garcia,1,HORECA,3,Other_Regions,5509,1461,2251,547,187,409,10364,SMB,Net-90,4.023354884231332,8.0,HORECA channel + High order frequency + Payment Net-90,True,668,2023-01-06,REP-04,PREMIUM
CUST-194,Reid-Poole,2,Retail,3,Other_Regions,180,3485,20292,959,5618,666,31200,Mid-Market,Net-60,1.2981702278979734,3.0,Retail channel + Low frequency + Payment Net-60,False,433,2023-08-29,REP-17,STANDARD
CUST-195,"Hernandez, Thompson and Boyd",1,HORECA,3,Other_Regions,7107,1012,2974,806,355,1142,13396,SMB,Net-30,3.214344022679552,6.5,HORECA channel + Moderate frequency + Payment Net-30,True,725,2022-11-10,REP-03,STANDARD
CUST-196,"Nelson, Morton and Medina",1,HORECA,3,Other_Regions,17023,5139,5230,7888,330,1755,37365,Mid-Market,Net-30,3.8948247336469093,5.9,HORECA channel + Moderate frequency + Payment Net-30,False,966,2022-03-14,REP-17,STANDARD
CUST-197,Marshall-Petersen,1,HORECA,1,Lisbon,30624,7209,4897,18711,763,2876,65080,Enterprise,Net-60,4.065234532910046,7.4,HORECA channel + High order frequency + Payment Net-60,True,584,2023-03-31,REP-11,PREMIUM
CUST-198,"Adams, Christian and Rivas",2,Retail,1,Lisbon,2427,7097,10391,1127,4314,1468,26824,Mid-Market,Net-60,0.8637057554520945,3.7,Retail channel + Low frequency + Payment Net-60,False,1068,2021-12-02,REP-21,STANDARD
CUST-199,Ramirez Group,1,HORECA,1,Lisbon,11686,2154,6824,3527,592,697,25480,Mid-Market,Net-60,3.5384864618987617,6.2,HORECA channel + Moderate frequency + Payment Net-60,True,939,2022-04-10,REP-20,STANDARD
CUST-200,Christensen PLC,1,HORECA,1,Lisbon,9670,2280,2112,520,402,347,15331,SMB,Net-60,3.7545683262092453,6.9,HORECA channel + Moderate frequency + Payment Net-60,True,949,2022-03-31,REP-23,STANDARD
CUST-201,"Barnett, Rogers and Snyder",2,Retail,1,Lisbon,3067,13240,23127,3941,9959,731,54065,Enterprise,Net-60,0.5301067966665896,3.8,Retail channel + Low frequency + Payment Net-60,False,525,2023-05-29,REP-21,ENTERPRISE
CUST-202,White-Lewis,2,Retail,1,Lisbon,4484,14399,24708,3549,14235,1681,63056,Enterprise,Net-30,0.9831187483747674,2.6,Retail channel + Low frequency + Payment Net-30,False,1045,2021-12-25,REP-04,ENTERPRISE
CUST-203,Peterson-Beard,1,HORECA,1,Lisbon,25203,11487,9490,5065,284,6854,58383,Enterprise,Net-30,3.422896013993089,5.9,HORECA channel + Moderate frequency + Payment Net-30,False,453,2023-08-09,REP-02,STANDARD
CUST-204,"Beard, Peters and Black",1,HORECA,1,Lisbon,583,685,2216,469,954,18,4925,SMB,Net-60,3.654994704355829,6.9,HORECA channel + Moderate frequency + Payment Net-60,True,1052,2021-12-18,REP-20,STANDARD
CUST-205,Miller Ltd,1,HORECA,1,Lisbon,1956,891,5226,1383,5,1328,10789,SMB,Net-60,3.2395242636385024,6.9,HORECA channel + Moderate frequency + Payment Net-60,True,949,2022-03-31,REP-16,STANDARD
CUST-206,Freeman-Chang,2,Retail,1,Lisbon,1107,11711,23596,955,9265,710,47344,Mid-Market,Net-30,1.8357909211098424,3.0,Retail channel + Low frequency + Payment Net-30,False,953,2022-03-27,REP-18,STANDARD
CUST-207,"Alvarez, Joseph and West",1,HORECA,1,Lisbon,6373,780,950,878,288,285,9554,SMB,Net-30,4.187184907108097,7.1,HORECA channel + High order frequency + Payment Net-30,True,523,2023-05-31,REP-08,PREMIUM
CUST-208,Davis and Sons,2,Retail,1,Lisbon,2541,4737,6089,2946,5316,120,21749,Mid-Market,Net-60,1.5186534787167343,3.2,Retail channel + Low frequency + Payment Net-60,False,853,2022-07-05,REP-03,STANDARD
CUST-209,Holt-Torres,1,HORECA,1,Lisbon,1537,3748,5838,1859,3381,806,17169,SMB,Net-30,4.578342477214677,7.5,HORECA channel + High order frequency + Payment Net-30,True,688,2022-12-17,REP-09,PREMIUM
CUST-210,"Wood, Tran and Cooper",2,Retail,1,Lisbon,5550,12729,16767,864,12420,797,49127,Mid-Market,Net-30,1.247663298393586,2.7,Retail channel + Low frequency + Payment Net-30,False,974,2022-03-06,REP-20,STANDARD
CUST-211,"Pierce, Bell and Chavez",1,HORECA,1,Lisbon,18567,1895,1393,1801,244,2100,26000,Mid-Market,Net-30,3.1738405761748476,6.4,HORECA channel + Moderate frequency + Payment Net-30,True,745,2022-10-21,REP-06,STANDARD
CUST-212,King-Martinez,2,Retail,1,Lisbon,12119,28326,39694,4736,19410,2870,107155,Enterprise,Net-60,1.3056598127278216,3.6,Retail channel + Low frequency + Payment Net-60,False,466,2023-07-27,REP-10,ENTERPRISE
CUST-213,Stewart Ltd,1,HORECA,1,Lisbon,7291,1012,2062,1291,240,1775,13671,SMB,Net-60,4.173682236041758,7.6,HORECA channel + High order frequency + Payment Net-60,True,858,2022-06-30,REP-21,PREMIUM
CUST-214,"Tapia, Vaughn and Lee",1,HORECA,1,Lisbon,3317,6602,6861,1329,3961,1215,23285,Mid-Market,Net-30,4.49087894836866,7.0,HORECA channel + High order frequency + Payment Net-30,True,1008,2022-01-31,REP-10,PREMIUM
CUST-215,"Washington, Hardy and Bray",2,Retail,1,Lisbon,2362,6551,11364,913,5957,791,27938,Mid-Market,Net-60,1.147489319344519,3.2,Retail channel + Low frequency + Payment Net-60,False,978,2022-03-02,REP-13,STANDARD
CUST-216,"Carlson, Hooper and Wall",1,HORECA,1,Lisbon,2806,10765,15538,1374,5828,2388,38699,Mid-Market,Net-30,3.2551606055911275,5.7,HORECA channel + Moderate frequency + Payment Net-30,False,383,2023-10-18,REP-17,STANDARD
CUST-217,Perez-White,2,Retail,1,Lisbon,2532,16599,36486,179,13308,674,69778,Enterprise,Net-30,0.9256638586980868,2.7,Retail channel + Low frequency + Payment Net-30,False,818,2022-08-09,REP-09,ENTERPRISE
CUST-218,Erickson and Sons,1,HORECA,1,Lisbon,18044,1475,2046,2532,130,1158,25385,Mid-Market,Net-60,3.72616459279727,6.2,HORECA channel + Moderate frequency + Payment Net-60,True,846,2022-07-12,REP-17,STANDARD
CUST-219,Williams-Brown,2,Retail,1,Lisbon,18,7504,15205,1285,4797,6372,35181,Mid-Market,Net-60,1.4688758619974018,3.8,Retail channel + Low frequency + Payment Net-60,False,958,2022-03-22,REP-24,STANDARD
CUST-220,Terry-Martinez,1,HORECA,1,Lisbon,4155,367,1390,2306,86,130,8434,SMB,Net-60,4.141556609337824,7.4,HORECA channel + High order frequency + Payment Net-60,True,761,2022-10-05,REP-09,PREMIUM
CUST-221,Garcia-Smith,1,HORECA,1,Lisbon,14755,899,1382,1765,56,749,19606,SMB,Net-60,3.7121934517956925,6.1,HORECA channel + Moderate frequency + Payment Net-60,True,643,2023-01-31,REP-09,STANDARD
CUST-222,Harrison-Alexander,1,HORECA,1,Lisbon,5396,7503,10646,91,4167,239,28042,Mid-Market,Net-30,4.97303049758596,7.5,HORECA channel + High order frequency + Payment Net-30,True,729,2022-11-06,REP-01,PREMIUM
CUST-223,Sheppard LLC,1,HORECA,1,Lisbon,5041,1115,2856,7496,256,375,17139,SMB,Net-30,4.211549638713774,7.4,HORECA channel + High order frequency + Payment Net-30,True,695,2022-12-10,REP-02,PREMIUM
CUST-224,Wilson-Jones,2,Retail,1,Lisbon,2790,2527,5265,5612,788,1360,18342,SMB,Net-30,0.8558401876039917,3.4,Retail channel + Low frequency + Payment Net-30,False,1005,2022-02-03,REP-16,STANDARD
CUST-225,Jones-Soto,1,HORECA,1,Lisbon,7274,659,1499,784,70,659,10945,SMB,Net-30,3.2035649452408075,6.5,HORECA channel + Moderate frequency + Payment Net-30,True,708,2022-11-27,REP-01,STANDARD
CUST-226,Hernandez PLC,1,HORECA,1,Lisbon,12680,3243,4157,660,761,786,22287,Mid-Market,Net-30,3.305718278368664,5.7,HORECA channel + Moderate frequency + Payment Net-30,False,819,2022-08-08,REP-10,STANDARD
CUST-227,Miller-Wright,2,Retail,1,Lisbon,20782,5921,9212,1759,2568,1553,41795,Mid-Market,Net-90,0.8689365925767623,4.4,Retail channel + Low frequency + Payment Net-90,False,965,2022-03-15,REP-18,STANDARD
CUST-228,"Duran, Obrien and Gibbs",1,HORECA,1,Lisbon,4042,2204,1563,2286,263,689,11047,SMB,Net-30,3.321362746519111,6.3,HORECA channel + Moderate frequency + Payment Net-30,True,1089,2021-11-11,REP-08,STANDARD
CUST-229,Rowe Group,1,HORECA,1,Lisbon,1869,577,572,950,4762,203,8933,SMB,Net-60,3.3731340481026115,6.7,HORECA channel + Moderate frequency + Payment Net-60,True,1019,2022-01-20,REP-21,STANDARD
CUST-230,Kerr-Evans,1,HORECA,1,Lisbon,8656,2746,2501,6845,694,980,22422,Mid-Market,Net-60,3.570190337387694,6.2,HORECA channel + Moderate frequency + Payment Net-60,True,429,2023-09-02,REP-11,STANDARD
CUST-231,"Branch, Torres and Oliver",2,Retail,1,Lisbon,11072,5989,5615,8321,955,2137,34089,Mid-Market,Net-60,0.7600603929421322,3.8,Retail channel + Low frequency + Payment Net-60,False,440,2023-08-22,REP-23,STANDARD
CUST-232,"Choi, Garcia and Farmer",1,HORECA,1,Lisbon,2344,10678,3828,1439,1566,490,20345,Mid-Market,Net-30,4.79353084925285,6.7,HORECA channel + High order frequency + Payment Net-30,True,1075,2021-11-25,REP-02,STANDARD
CUST-233,"Clark, Guerrero and Moore",1,HORECA,1,Lisbon,25962,1780,3838,638,284,834,33336,Mid-Market,Net-30,3.1604674913232844,5.7,HORECA channel + Moderate frequency + Payment Net-30,False,507,2023-06-16,REP-08,STANDARD
CUST-234,Arnold and Sons,1,HORECA,1,Lisbon,964,4984,3316,937,409,7,10617,SMB,Net-30,4.049022779140509,7.0,HORECA channel + High order frequency + Payment Net-30,True,969,2022-03-11,REP-22,PREMIUM
CUST-235,Ortiz Ltd,1,HORECA,1,Lisbon,15603,2703,3833,4260,325,2563,29287,Mid-Market,Net-30,3.8207936539793232,6.1,HORECA channel + Moderate frequency + Payment Net-30,True,837,2022-07-21,REP-08,STANDARD
CUST-236,"Harrison, Johnson and Roberts",1,HORECA,1,Lisbon,1838,6380,2824,1218,1216,295,13771,SMB,Net-60,4.964757233817213,7.6,HORECA channel + High order frequency + Payment Net-60,True,781,2022-09-15,REP-17,PREMIUM
CUST-237,Warner-Gibson,1,HORECA,1,Lisbon,8635,820,3047,2312,415,225,15454,SMB,Net-30,3.2240778043361047,5.6,HORECA channel + Moderate frequency + Payment Net-30,False,669,2023-01-05,REP-15,STANDARD
CUST-238,"Hall, Baker and Moody",1,HORECA,1,Lisbon,18692,3838,593,4634,28,1215,29000,Mid-Market,Net-30,3.7957111980914835,6.4,HORECA channel + Moderate frequency + Payment Net-30,True,861,2022-06-27,REP-17,STANDARD
CUST-239,"Guerrero, Peck and Coleman",1,HORECA,1,Lisbon,7363,475,585,1112,72,216,9823,SMB,Net-60,4.9389408665507375,7.3,HORECA channel + High order frequency + Payment Net-60,True,655,2023-01-19,REP-23,PREMIUM
CUST-240,"Walker, Hernandez and Baker",1,HORECA,1,Lisbon,47493,2567,3779,5243,828,2253,62163,Enterprise,Net-30,4.73101425178796,6.6,HORECA channel + High order frequency + Payment Net-30,True,466,2023-07-27,REP-24,STANDARD
CUST-241,Jones and Sons,1,HORECA,1,Lisbon,22096,3575,7041,11422,343,2564,47041,Mid-Market,Net-90,4.63414414189856,8.9,HORECA channel + High order frequency + Payment Net-90,True,631,2023-02-12,REP-13,PREMIUM
CUST-242,Larson-Holloway,1,HORECA,1,Lisbon,24929,1801,2475,2216,412,1047,32880,Mid-Market,Net-90,3.5158056540898794,8.0,HORECA channel + Moderate frequency + Payment Net-90,True,986,2022-02-22,REP-19,PREMIUM
CUST-243,Gonzales-Harrison,1,HORECA,1,Lisbon,18226,659,2914,3752,586,578,26715,Mid-Market,Net-90,3.341775174780132,7.9,HORECA channel + Moderate frequency + Payment Net-90,True,367,2023-11-03,REP-05,PREMIUM
CUST-244,Lyons-Bender,1,HORECA,1,Lisbon,11210,3576,5119,561,1682,2398,24546,Mid-Market,Net-30,4.337286439848862,7.3,HORECA channel + High order frequency + Payment Net-30,True,449,2023-08-13,REP-12,PREMIUM
CUST-245,"Fernandez, Kim and George",1,HORECA,1,Lisbon,6202,7775,10817,1183,3143,1970,31090,Mid-Market,Net-30,4.858751978255172,7.2,HORECA channel + High order frequency + Payment Net-30,True,692,2022-12-13,REP-01,PREMIUM
CUST-246,Navarro-Munoz,2,Retail,1,Lisbon,3062,6154,13916,230,8933,2784,35079,Mid-Market,Net-90,1.3351443395208946,4.6,Retail channel + Low frequency + Payment Net-90,False,814,2022-08-13,REP-23,STANDARD
CUST-247,Davis Ltd,1,HORECA,1,Lisbon,8885,2428,1777,1777,430,610,15907,SMB,Net-30,4.1432253789398,6.6,HORECA channel + High order frequency + Payment Net-30,True,818,2022-08-09,REP-05,STANDARD
CUST-248,"Matthews, Smith and Hubbard",1,HORECA,1,Lisbon,13569,346,489,2077,44,659,17184,SMB,Net-90,3.5599581873205683,7.4,HORECA channel + Moderate frequency + Payment Net-90,True,993,2022-02-15,REP-08,PREMIUM
CUST-249,Johnston-Hines,1,HORECA,1,Lisbon,15671,5279,2406,559,562,572,25049,Mid-Market,Net-90,4.538985866383873,8.4,HORECA channel + High order frequency + Payment Net-90,True,585,2023-03-30,REP-13,PREMIUM
CUST-250,Ruiz Ltd,1,HORECA,1,Lisbon,8040,3795,2070,6340,918,291,21454,Mid-Market,Net-60,3.3740874971150467,6.3,HORECA channel + Moderate frequency + Payment Net-60,True,518,2023-06-05,REP-08,STANDARD
CUST-251,Moon-White,1,HORECA,1,Lisbon,3191,1993,1799,1730,234,710,9657,SMB,Net-30,3.647358472808487,6.2,HORECA channel + Moderate frequency + Payment Net-30,True,1029,2022-01-10,REP-25,STANDARD
CUST-252,"Graham, Olsen and Costa",2,Retail,1,Lisbon,6134,23133,33586,6746,18594,5121,93314,Enterprise,Net-30,1.1381546579246251,3.0,Retail channel + Low frequency + Payment Net-30,False,376,2023-10-25,REP-23,ENTERPRISE
CUST-253,Bailey-Cook,1,HORECA,1,Lisbon,6623,1860,4740,7683,205,1693,22804,Mid-Market,Net-60,4.01522075736891,7.1,HORECA channel + High order frequency + Payment Net-60,True,497,2023-06-26,REP-11,PREMIUM
CUST-254,"Garcia, Martin and Jenkins",1,HORECA,1,Lisbon,29526,7961,16966,432,363,1391,56639,Enterprise,Net-30,3.4848194648301605,5.7,HORECA channel + Moderate frequency + Payment Net-30,False,668,2023-01-06,REP-01,STANDARD
CUST-255,Roberts-Landry,1,HORECA,1,Lisbon,10379,17972,4748,4686,1547,3265,42597,Mid-Market,Net-30,3.229673649478407,6.2,HORECA channel + Moderate frequency + Payment Net-30,True,657,2023-01-17,REP-13,STANDARD
CUST-256,"Johnson, Miller and King",1,HORECA,1,Lisbon,31614,489,1495,3242,111,615,37566,Mid-Market,Net-30,4.221240084883265,6.6,HORECA channel + High order frequency + Payment Net-30,True,664,2023-01-10,REP-19,STANDARD
CUST-257,Cordova Group,1,HORECA,1,Lisbon,11092,5008,5249,453,392,373,22567,Mid-Market,Net-90,3.5772611064805115,7.9,HORECA channel + Moderate frequency + Payment Net-90,True,407,2023-09-24,REP-24,PREMIUM
CUST-258,"Bryan, Smith and Booth",1,HORECA,1,Lisbon,8475,1931,1883,5004,3593,987,21873,Mid-Market,Net-60,4.162476442845224,7.5,HORECA channel + High order frequency + Payment Net-60,True,707,2022-11-28,REP-03,PREMIUM
CUST-259,Gutierrez-Lopez,1,HORECA,1,Lisbon,56083,4563,2124,6422,730,3321,73243,Enterprise,Net-30,3.308725430548405,6.0,HORECA channel + Moderate frequency + Payment Net-30,False,690,2022-12-15,REP-24,STANDARD
CUST-260,Dean-Jimenez,1,HORECA,1,Lisbon,53205,4959,7336,3012,967,818,70297,Enterprise,Net-30,3.9622802037096347,6.1,HORECA channel + Moderate frequency + Payment Net-30,True,862,2022-06-26,REP-17,STANDARD
CUST-261,Wolf-Harris,1,HORECA,1,Lisbon,9193,4885,2157,327,780,548,17890,SMB,Net-60,4.065178865103172,7.8,HORECA channel + High order frequency + Payment Net-60,True,728,2022-11-07,REP-05,PREMIUM
CUST-262,"Anderson, Roberts and Gilmore",1,HORECA,1,Lisbon,7858,1110,1094,6818,49,287,17216,SMB,Net-90,3.103647073644854,7.3,HORECA channel + Moderate frequency + Payment Net-90,True,791,2022-09-05,REP-20,PREMIUM
CUST-263,Martinez-Dudley,1,HORECA,1,Lisbon,23257,1372,1677,982,429,655,28372,Mid-Market,Net-30,3.6732085563878414,6.2,HORECA channel + Moderate frequency + Payment Net-30,True,385,2023-10-16,REP-21,STANDARD
CUST-264,"Lloyd, Mckinney and Collins",1,HORECA,1,Lisbon,2153,1115,6684,4324,2894,411,17581,SMB,Net-30,3.2688293538779485,6.1,HORECA channel + Moderate frequency + Payment Net-30,True,771,2022-09-25,REP-08,STANDARD
CUST-265,Tran Inc,2,Retail,1,Lisbon,1073,9679,15445,61,5980,1265,33503,Mid-Market,Net-60,0.5950624557091516,3.3,Retail channel + Low frequency + Payment Net-60,False,983,2022-02-25,REP-14,STANDARD
CUST-266,Gay Inc,1,HORECA,1,Lisbon,5909,23527,13699,10155,830,3636,57756,Enterprise,Net-60,4.979920464779891,7.9,HORECA channel + High order frequency + Payment Net-60,True,700,2022-12-05,REP-04,PREMIUM
CUST-267,Valentine-Holland,2,Retail,1,Lisbon,572,9763,22182,2221,4882,2563,42183,Mid-Market,Net-60,0.9835307674620845,3.8,Retail channel + Low frequency + Payment Net-60,False,481,2023-07-12,REP-11,STANDARD
CUST-268,Jimenez Ltd,1,HORECA,1,Lisbon,20893,1222,2576,3975,737,3628,33031,Mid-Market,Net-60,4.6197488917092695,7.7,HORECA channel + High order frequency + Payment Net-60,True,488,2023-07-05,REP-20,PREMIUM
CUST-269,Hicks-Hill,2,Retail,1,Lisbon,11908,8053,19847,1069,6374,698,47949,Mid-Market,Net-30,0.8819609821456458,3.4,Retail channel + Low frequency + Payment Net-30,False,763,2022-10-03,REP-15,STANDARD
CUST-270,Baird-Sanchez,1,HORECA,1,Lisbon,15218,258,1138,2516,333,204,19667,SMB,Net-30,4.363005444447858,7.4,HORECA channel + High order frequency + Payment Net-30,True,1079,2021-11-21,REP-19,PREMIUM
CUST-271,"Thomas, Lee and Greene",1,HORECA,1,Lisbon,4720,1032,975,5500,197,56,12480,SMB,Net-60,4.520455719779373,7.7,HORECA channel + High order frequency + Payment Net-60,True,415,2023-09-16,REP-07,PREMIUM
CUST-272,"Suarez, Shields and Hill",1,HORECA,1,Lisbon,2083,5007,1563,1120,147,1550,11470,SMB,Net-60,4.191277481215689,7.8,HORECA channel + High order frequency + Payment Net-60,True,688,2022-12-17,REP-19,PREMIUM
CUST-273,Morgan-French,1,HORECA,1,Lisbon,514,8323,6869,529,93,1040,17368,SMB,Net-60,3.9431523771003167,6.7,HORECA channel + Moderate frequency + Payment Net-60,True,505,2023-06-18,REP-19,STANDARD
CUST-274,Hoover-Campbell,1,HORECA,3,Other_Regions,36817,3045,1493,4802,210,1824,48191,Mid-Market,Net-90,3.823681828294537,7.7,HORECA channel + Moderate frequency + Payment Net-90,True,834,2022-07-24,REP-11,PREMIUM
CUST-275,Monroe-Carpenter,1,HORECA,3,Other_Regions,894,1703,1841,744,759,1153,7094,SMB,Net-30,3.6977365330859904,6.1,HORECA channel + Moderate frequency + Payment Net-30,True,698,2022-12-07,REP-05,STANDARD
CUST-276,"Burns, Hernandez and Ryan",1,HORECA,3,Other_Regions,680,1610,223,862,96,379,3850,SMB,Net-30,4.8590582884956515,7.3,HORECA channel + High order frequency + Payment Net-30,True,737,2022-10-29,REP-05,PREMIUM
CUST-277,Cook-Hines,1,HORECA,3,Other_Regions,27901,3749,6964,4479,603,2503,46199,Mid-Market,Net-60,4.661238815575459,7.2,HORECA channel + High order frequency + Payment Net-60,True,928,2022-04-21,REP-22,PREMIUM
CUST-278,Gibson-Morris,1,HORECA,3,Other_Regions,9061,829,683,16919,621,139,28252,Mid-Market,Net-60,4.930053821333026,7.9,HORECA channel + High order frequency + Payment Net-60,True,858,2022-06-30,REP-08,PREMIUM
CUST-279,Pollard and Sons,1,HORECA,3,Other_Regions,11693,2317,2543,5845,274,1409,24081,Mid-Market,Net-60,3.2485944469710892,6.9,HORECA channel + Moderate frequency + Payment Net-60,True,903,2022-05-16,REP-10,STANDARD
CUST-280,"Reyes, Chase and Jenkins",2,Retail,3,Other_Regions,17360,6200,9694,1293,3620,1721,39888,Mid-Market,Net-60,1.5963012128054663,3.0,Retail channel + Low frequency + Payment Net-60,False,1033,2022-01-06,REP-06,STANDARD
CUST-281,Garner-Thornton,1,HORECA,3,Other_Regions,3366,2884,2431,977,167,1104,10929,SMB,Net-60,4.876680913642076,7.8,HORECA channel + High order frequency + Payment Net-60,True,520,2023-06-03,REP-15,PREMIUM
CUST-282,Hughes-Alvarado,2,Retail,3,Other_Regions,12238,7108,6235,1093,2328,2079,31081,Mid-Market,Net-30,0.7718495992484902,2.6,Retail channel + Low frequency + Payment Net-30,False,655,2023-01-19,REP-16,STANDARD
CUST-283,"Pollard, Simpson and Johnson",1,HORECA,3,Other_Regions,49063,3965,4252,5970,1041,1404,65695,Enterprise,Net-30,3.132992534733555,5.8,HORECA channel + Moderate frequency + Payment Net-30,False,1012,2022-01-27,REP-17,STANDARD
CUST-284,"Sanford, Rivera and Garcia",1,HORECA,3,Other_Regions,25767,3613,2013,10303,314,1384,43394,Mid-Market,Net-30,4.482241298580118,7.2,HORECA channel + High order frequency + Payment Net-30,True,508,2023-06-15,REP-08,PREMIUM
CUST-285,Garcia-Lozano,1,HORECA,3,Other_Regions,68951,4411,12609,8692,751,2406,97820,Enterprise,Net-30,4.148946226359824,6.7,HORECA channel + High order frequency + Payment Net-30,True,470,2023-07-23,REP-08,STANDARD
CUST-286,Bowen Group,1,HORECA,3,Other_Regions,40254,640,3600,1042,436,18,45990,Mid-Market,Net-30,4.683657553516544,7.3,HORECA channel + High order frequency + Payment Net-30,True,784,2022-09-12,REP-25,PREMIUM
CUST-287,"Booker, Jones and Harrington",1,HORECA,3,Other_Regions,7149,2247,1242,1619,1226,128,13611,SMB,Net-30,3.279544753252579,6.3,HORECA channel + Moderate frequency + Payment Net-30,True,1034,2022-01-05,REP-09,STANDARD
CUST-288,Morgan-Schwartz,1,HORECA,3,Other_Regions,15354,2102,2828,8366,386,1027,30063,Mid-Market,Net-30,4.590534623719781,7.0,HORECA channel + High order frequency + Payment Net-30,True,1022,2022-01-17,REP-02,PREMIUM
CUST-289,"Miller, Murphy and Craig",1,HORECA,3,Other_Regions,16260,594,1296,848,445,258,19701,SMB,Net-30,3.403254640095489,5.5,HORECA channel + Moderate frequency + Payment Net-30,False,366,2023-11-04,REP-15,STANDARD
CUST-290,"James, Stewart and Higgins",1,HORECA,3,Other_Regions,42786,286,471,1388,32,22,44985,Mid-Market,Net-30,3.327311885731409,5.8,HORECA channel + Moderate frequency + Payment Net-30,False,953,2022-03-27,REP-18,STANDARD
CUST-291,Brennan-Johnson,1,HORECA,3,Other_Regions,2708,2160,2642,502,965,1522,10499,SMB,Net-30,3.328531595861986,6.1,HORECA channel + Moderate frequency + Payment Net-30,True,1008,2022-01-31,REP-03,STANDARD
CUST-292,Young Ltd,1,HORECA,3,Other_Regions,6022,3354,3261,2507,212,686,16042,SMB,Net-30,4.629149440462764,7.5,HORECA channel + High order frequency + Payment Net-30,True,454,2023-08-08,REP-17,PREMIUM
CUST-293,Bright-Francis,1,HORECA,3,Other_Regions,2838,3086,4329,3838,825,1060,15976,SMB,Net-60,4.3303944413924,7.6,HORECA channel + High order frequency + Payment Net-60,True,709,2022-11-26,REP-04,PREMIUM
CUST-294,Good-Hodges,2,Retail,2,Porto,3996,11103,12469,902,5952,741,35163,Mid-Market,Net-30,1.284598137153679,2.8,Retail channel + Low frequency + Payment Net-30,False,714,2022-11-21,REP-04,STANDARD
CUST-295,"Brennan, Wallace and Benson",1,HORECA,2,Porto,21273,2013,6550,909,811,1854,33410,Mid-Market,Net-30,3.7176609682470048,6.1,HORECA channel + Moderate frequency + Payment Net-30,True,823,2022-08-04,REP-14,STANDARD
CUST-296,Williams Inc,2,Retail,2,Porto,7588,1897,5234,417,2208,254,17598,SMB,Net-30,1.8158008112196624,3.0,Retail channel + Low frequency + Payment Net-30,False,627,2023-02-16,REP-09,STANDARD
CUST-297,Howard-Jordan,1,HORECA,2,Porto,19087,1304,3643,3045,710,898,28687,Mid-Market,Net-60,3.7848902148452708,6.8,HORECA channel + Moderate frequency + Payment Net-60,True,715,2022-11-20,REP-09,STANDARD
CUST-298,Schmidt PLC,2,Retail,2,Porto,8090,3199,6986,1455,3712,531,23973,Mid-Market,Net-30,1.7248991592073657,2.6,Retail channel + Low frequency + Payment Net-30,False,472,2023-07-21,REP-25,STANDARD
CUST-299,"Sparks, Jackson and Miller",2,Retail,2,Porto,6758,4560,9965,934,4538,1037,27792,Mid-Market,Net-60,1.1587023628553277,3.8,Retail channel + Low frequency + Payment Net-60,False,950,2022-03-30,REP-23,STANDARD
CUST-300,Harvey-Allen,1,HORECA,2,Porto,444,879,2060,264,290,259,4196,SMB,Net-30,3.753888858849815,6.0,HORECA channel + Moderate frequency + Payment Net-30,False,403,2023-09-28,REP-18,STANDARD
CUST-301,"Thomas, Murray and King",2,Retail,2,Porto,16448,6243,6360,824,2662,2005,34542,Mid-Market,Net-30,1.1940196785044097,3.5,Retail channel + Low frequency + Payment Net-30,False,523,2023-05-31,REP-10,STANDARD
CUST-302,Estrada-Nolan,2,Retail,2,Porto,5283,13316,20399,1809,8752,172,49731,Mid-Market,Net-30,0.9520668112462132,2.8,Retail channel + Low frequency + Payment Net-30,False,947,2022-04-02,REP-21,STANDARD
CUST-303,Santana-Byrd,2,Retail,2,Porto,2886,5302,9785,364,6236,555,25128,Mid-Market,Net-30,1.6214140702643767,3.1,Retail channel + Low frequency + Payment Net-30,False,676,2022-12-29,REP-04,STANDARD
CUST-304,Jones LLC,2,Retail,2,Porto,2599,3688,13829,492,10069,59,30736,Mid-Market,Net-60,1.2540805851387187,3.9,Retail channel + Low frequency + Payment Net-60,False,605,2023-03-10,REP-12,STANDARD
CUST-305,"Evans, Hayden and Vaughn",2,Retail,2,Porto,161,7460,24773,617,11783,2410,47204,Mid-Market,Net-60,0.848319042720226,3.1,Retail channel + Low frequency + Payment Net-60,False,809,2022-08-18,REP-08,STANDARD
CUST-306,Bruce-Gonzalez,2,Retail,2,Porto,243,12939,8852,799,3909,211,26953,Mid-Market,Net-90,1.8493618599118526,4.9,Retail channel + Low frequency + Payment Net-90,False,662,2023-01-12,REP-02,STANDARD
CUST-307,Castaneda-Rodriguez,2,Retail,2,Porto,6468,12867,21570,1840,7558,1543,51846,Enterprise,Net-30,1.075836832059817,3.2,Retail channel + Low frequency + Payment Net-30,False,400,2023-10-01,REP-22,ENTERPRISE
CUST-308,Armstrong-Andrews,1,HORECA,2,Porto,17327,2374,2842,1149,351,925,24968,Mid-Market,Net-30,4.087105722227977,6.6,HORECA channel + High order frequency + Payment Net-30,True,448,2023-08-14,REP-13,STANDARD
CUST-309,"Phillips, Spence and Barrett",1,HORECA,2,Porto,6987,1020,3007,416,257,656,12343,SMB,Net-60,4.812944221929094,7.3,HORECA channel + High order frequency + Payment Net-60,True,816,2022-08-11,REP-21,PREMIUM
CUST-310,Smith-Grimes,2,Retail,2,Porto,918,20655,13567,1465,6846,806,44257,Mid-Market,Net-30,1.4363569938709881,3.2,Retail channel + Low frequency + Payment Net-30,False,749,2022-10-17,REP-16,STANDARD
CUST-311,"Beltran, Lozano and Mcgee",1,HORECA,2,Porto,7034,1492,2405,12569,299,1117,24916,Mid-Market,Net-30,3.2337960814167284,5.6,HORECA channel + Moderate frequency + Payment Net-30,False,536,2023-05-18,REP-02,STANDARD
CUST-312,Parsons-Hall,1,HORECA,2,Porto,29635,2335,8280,3046,371,117,43784,Mid-Market,Net-30,4.87966424722695,7.1,HORECA channel + High order frequency + Payment Net-30,True,740,2022-10-26,REP-11,PREMIUM
CUST-313,Robinson-Lee,2,Retail,2,Porto,2137,3737,19172,1274,17120,142,43582,Mid-Market,Net-30,1.441562079607127,2.8,Retail channel + Low frequency + Payment Net-30,False,1049,2021-12-21,REP-10,STANDARD
CUST-314,Byrd-Le,1,HORECA,2,Porto,9784,925,2405,4447,183,297,18041,SMB,Net-90,3.6698112293141723,7.6,HORECA channel + Moderate frequency + Payment Net-90,True,726,2022-11-09,REP-15,PREMIUM
CUST-315,"Becker, Taylor and Davis",1,HORECA,2,Porto,10617,1795,7647,1483,857,1233,23632,Mid-Market,Net-60,3.2785441453267747,6.0,HORECA channel + Moderate frequency + Payment Net-60,False,923,2022-04-26,REP-17,STANDARD
CUST-316,"Lucas, Parker and Alexander",2,Retail,2,Porto,1479,14982,11924,662,3891,3508,36446,Mid-Market,Net-60,1.691037783905444,3.9,Retail channel + Low frequency + Payment Net-60,False,505,2023-06-18,REP-08,STANDARD
CUST-317,"Diaz, Anderson and Browning",1,HORECA,2,Porto,7127,1375,2201,2679,83,1059,14524,SMB,Net-30,4.240145511857027,7.5,HORECA channel + High order frequency + Payment Net-30,True,482,2023-07-11,REP-18,PREMIUM
CUST-318,Burgess-Thompson,1,HORECA,2,Porto,1182,3088,6114,978,821,1637,13820,SMB,Net-30,4.066922183952643,7.5,HORECA channel + High order frequency + Payment Net-30,True,641,2023-02-02,REP-23,PREMIUM
CUST-319,Buchanan LLC,1,HORECA,2,Porto,11800,2713,3558,2121,706,51,20949,Mid-Market,Net-30,4.787785166101916,7.2,HORECA channel + High order frequency + Payment Net-30,True,1090,2021-11-10,REP-09,PREMIUM
CUST-320,"Shaw, Nelson and Martin",2,Retail,2,Porto,9759,25071,17645,1128,12408,1625,67636,Enterprise,Net-30,1.6828958168367962,2.6,Retail channel + Low frequency + Payment Net-30,False,584,2023-03-31,REP-25,ENTERPRISE
CUST-321,Coffey-Phillips,1,HORECA,2,Porto,1774,3696,2280,514,275,834,9373,SMB,Net-30,3.3033497594655024,6.3,HORECA channel + Moderate frequency + Payment Net-30,True,390,2023-10-11,REP-08,STANDARD
CUST-322,Brock-Mcdonald,1,HORECA,2,Porto,9155,1897,5167,2714,228,1113,20274,Mid-Market,Net-60,3.6234441355910967,6.0,HORECA channel + Moderate frequency + Payment Net-60,False,885,2022-06-03,REP-14,STANDARD
CUST-323,Taylor and Sons,1,HORECA,2,Porto,15881,713,3315,3703,1470,229,25311,Mid-Market,Net-60,3.4969782796289315,6.0,HORECA channel + Moderate frequency + Payment Net-60,False,374,2023-10-27,REP-25,STANDARD
CUST-324,"Ramsey, Whitney and Coffey",1,HORECA,2,Porto,13360,944,11593,915,1679,573,29064,Mid-Market,Net-30,4.487892585145354,6.8,HORECA channel + High order frequency + Payment Net-30,True,742,2022-10-24,REP-18,STANDARD
CUST-325,"Diaz, Gibbs and Smith",1,HORECA,2,Porto,25977,3587,2464,2369,140,1092,35629,Mid-Market,Net-90,3.067064869471559,7.5,HORECA channel + Moderate frequency + Payment Net-90,True,997,2022-02-11,REP-22,PREMIUM
CUST-326,"Martinez, Richardson and Curry",1,HORECA,2,Porto,32717,16784,13626,60869,1272,5609,130877,Enterprise,Net-60,4.139779369742633,7.8,HORECA channel + High order frequency + Payment Net-60,True,1001,2022-02-07,REP-20,PREMIUM
CUST-327,Richards-Carson,1,HORECA,2,Porto,4414,1610,1431,3498,387,834,12174,SMB,Net-30,4.524917371481381,7.2,HORECA channel + High order frequency + Payment Net-30,True,1046,2021-12-24,REP-20,PREMIUM
CUST-328,Rodriguez-Hall,1,HORECA,2,Porto,542,899,1664,414,88,522,4129,SMB,Net-60,4.753531273523499,7.4,HORECA channel + High order frequency + Payment Net-60,True,948,2022-04-01,REP-21,PREMIUM
CUST-329,Harvey PLC,1,HORECA,2,Porto,16933,2209,3389,7849,210,1534,32124,Mid-Market,Net-30,3.6841634974318147,5.8,HORECA channel + Moderate frequency + Payment Net-30,False,516,2023-06-07,REP-12,STANDARD
CUST-330,Herman-Walker,1,HORECA,2,Porto,5113,1486,4583,5127,492,739,17540,SMB,Net-30,4.642514609344026,7.5,HORECA channel + High order frequency + Payment Net-30,True,1084,2021-11-16,REP-19,PREMIUM
CUST-331,Reid Group,1,HORECA,2,Porto,9790,1786,5109,3570,182,1043,21480,Mid-Market,Net-30,3.2212634739104145,5.9,HORECA channel + Moderate frequency + Payment Net-30,False,413,2023-09-18,REP-14,STANDARD
CUST-332,"Turner, Ortiz and Taylor",2,Retail,2,Porto,11223,14881,26839,1234,9606,1102,64885,Enterprise,Net-60,1.7696784376017773,3.5,Retail channel + Low frequency + Payment Net-60,False,518,2023-06-05,REP-17,ENTERPRISE
CUST-333,Torres Group,1,HORECA,2,Porto,22321,3216,1447,2208,178,2602,31972,Mid-Market,Net-30,3.254977324663965,5.7,HORECA channel + Moderate frequency + Payment Net-30,False,657,2023-01-17,REP-24,STANDARD
CUST-334,Davis PLC,2,Retail,2,Porto,8565,4980,67298,131,38102,1215,120291,Enterprise,Net-30,1.095930935840551,3.3,Retail channel + Low frequency + Payment Net-30,False,944,2022-04-05,REP-21,ENTERPRISE
CUST-335,Price LLC,2,Retail,2,Porto,16823,928,2743,11559,332,3486,35871,Mid-Market,Net-30,1.6959430486693305,3.2,Retail channel + Low frequency + Payment Net-30,False,414,2023-09-17,REP-03,STANDARD
CUST-336,"Avery, Horton and Fernandez",2,Retail,2,Porto,27082,6817,10790,1365,4111,2139,52304,Enterprise,Net-30,0.7248761410231607,2.7,Retail channel + Low frequency + Payment Net-30,False,1028,2022-01-11,REP-23,ENTERPRISE
CUST-337,"Newton, Moore and Perry",1,HORECA,2,Porto,13970,1511,1330,650,146,778,18385,SMB,Net-60,3.4585027904652828,6.1,HORECA channel + Moderate frequency + Payment Net-60,True,895,2022-05-24,REP-07,STANDARD
CUST-338,Bass PLC,1,HORECA,2,Porto,9351,1347,2611,8170,442,868,22789,Mid-Market,Net-60,4.444505136786132,7.7,HORECA channel + High order frequency + Payment Net-60,True,976,2022-03-04,REP-17,PREMIUM
CUST-339,Crosby-Ramirez,1,HORECA,2,Porto,3,333,7021,15601,15,550,23523,Mid-Market,Net-30,4.440073073092149,7.2,HORECA channel + High order frequency + Payment Net-30,True,424,2023-09-07,REP-12,PREMIUM
CUST-340,"Wood, Ramos and Sampson",1,HORECA,2,Porto,2617,1188,5332,9584,573,1942,21236,Mid-Market,Net-30,4.282295265770594,6.8,HORECA channel + High order frequency + Payment Net-30,True,531,2023-05-23,REP-09,STANDARD
CUST-341,Garcia-Jennings,2,Retail,3,Other_Regions,381,4025,9670,388,7271,1371,23106,Mid-Market,Net-30,1.54092266670065,3.5,Retail channel + Low frequency + Payment Net-30,False,566,2023-04-18,REP-15,STANDARD
CUST-342,"Winters, Newman and Brown",2,Retail,3,Other_Regions,2320,5763,11238,767,5162,2158,27408,Mid-Market,Net-30,1.3140866650213943,2.7,Retail channel + Low frequency + Payment Net-30,False,510,2023-06-13,REP-18,STANDARD
CUST-343,Lopez-Martinez,1,HORECA,3,Other_Regions,255,5758,5923,349,4595,1328,18208,SMB,Net-30,3.5035981178139055,5.9,HORECA channel + Moderate frequency + Payment Net-30,False,1040,2021-12-30,REP-21,STANDARD
CUST-344,Davis-Lewis,2,Retail,3,Other_Regions,1689,6964,26316,1456,15469,37,51931,Enterprise,Net-30,1.0185439902558793,3.4,Retail channel + Low frequency + Payment Net-30,False,803,2022-08-24,REP-13,ENTERPRISE
CUST-345,"Harper, Smith and Buchanan",1,HORECA,3,Other_Regions,3043,1172,1763,2234,217,379,8808,SMB,Net-30,3.3631954336028516,5.9,HORECA channel + Moderate frequency + Payment Net-30,False,606,2023-03-09,REP-21,STANDARD
CUST-346,Zhang PLC,1,HORECA,3,Other_Regions,1198,2602,8335,402,3843,303,16683,SMB,Net-60,4.8169011226672565,7.6,HORECA channel + High order frequency + Payment Net-60,True,945,2022-04-04,REP-08,PREMIUM
CUST-347,Jones PLC,2,Retail,3,Other_Regions,2771,6939,15541,2693,6600,1115,35659,Mid-Market,Net-60,1.3750876921491808,3.4,Retail channel + Low frequency + Payment Net-60,False,1051,2021-12-19,REP-14,STANDARD
CUST-348,Willis and Sons,2,Retail,3,Other_Regions,27380,7184,12311,2809,4621,1022,55327,Enterprise,Net-30,1.1012771251454598,2.8,Retail channel + Low frequency + Payment Net-30,False,925,2022-04-24,REP-08,ENTERPRISE
CUST-349,Schroeder-Kramer,1,HORECA,3,Other_Regions,3428,2380,2028,1341,1184,665,11026,SMB,Net-30,3.924011607288265,6.5,HORECA channel + Moderate frequency + Payment Net-30,True,847,2022-07-11,REP-14,STANDARD
CUST-350,"Smith, Garrison and Thomas",2,Retail,3,Other_Regions,5981,14641,20521,2005,12218,445,55811,Enterprise,Net-60,1.920925009417723,3.4,Retail channel + Low frequency + Payment Net-60,False,472,2023-07-21,REP-07,ENTERPRISE
CUST-351,Fernandez and Sons,1,HORECA,3,Other_Regions,3521,1099,1997,1796,173,995,9581,SMB,Net-30,3.3067028062321606,6.4,HORECA channel + Moderate frequency + Payment Net-30,True,590,2023-03-25,REP-23,STANDARD
CUST-352,Guerrero Inc,2,Retail,3,Other_Regions,1210,10044,22294,1741,12638,3137,51064,Enterprise,Net-60,1.379344748025196,3.2,Retail channel + Low frequency + Payment Net-60,False,1037,2022-01-02,REP-12,ENTERPRISE
CUST-353,Smith and Sons,1,HORECA,3,Other_Regions,608,1106,1533,830,90,195,4362,SMB,Net-60,4.011777357768932,7.2,HORECA channel + High order frequency + Payment Net-60,True,995,2022-02-13,REP-11,PREMIUM
CUST-354,"Morris, Thompson and Williams",2,Retail,3,Other_Regions,117,6264,21203,228,8682,1111,37605,Mid-Market,Net-30,1.4171813531519717,2.5,Retail channel + Low frequency + Payment Net-30,False,1025,2022-01-14,REP-22,STANDARD
CUST-355,"Fisher, Wilson and Brown",1,HORECA,3,Other_Regions,14039,7393,2548,6386,1333,2341,34040,Mid-Market,Net-30,3.036220367641681,6.2,HORECA channel + Moderate frequency + Payment Net-30,True,1026,2022-01-13,REP-22,STANDARD
CUST-356,Strickland-Palmer,1,HORECA,3,Other_Regions,190,727,2012,245,184,127,3485,SMB,Net-60,4.7442478178883025,7.4,HORECA channel + High order frequency + Payment Net-60,True,796,2022-08-31,REP-11,PREMIUM
CUST-357,Hayes and Sons,1,HORECA,3,Other_Regions,22686,134,218,3157,9,548,26752,Mid-Market,Net-30,4.864236564967225,7.4,HORECA channel + High order frequency + Payment Net-30,True,1019,2022-01-20,REP-25,PREMIUM
CUST-358,"Williams, Logan and Camacho",2,Retail,3,Other_Regions,37,1275,22272,137,6747,110,30578,Mid-Market,Net-30,1.3476997753838134,3.0,Retail channel + Low frequency + Payment Net-30,False,783,2022-09-13,REP-22,STANDARD
CUST-359,"Turner, Schneider and Johnson",1,HORECA,3,Other_Regions,759,18664,1660,6114,536,4100,31833,Mid-Market,Net-90,4.393301647753784,9.0,HORECA channel + High order frequency + Payment Net-90,True,819,2022-08-08,REP-13,PREMIUM
CUST-360,Boone-Simmons,1,HORECA,3,Other_Regions,796,5878,2109,340,232,776,10131,SMB,Net-30,4.844998762354591,6.7,HORECA channel + High order frequency + Payment Net-30,True,524,2023-05-30,REP-18,STANDARD
CUST-361,Henry Group,1,HORECA,3,Other_Regions,19746,2872,2006,2601,468,503,28196,Mid-Market,Net-30,4.414477268626797,7.4,HORECA channel + High order frequency + Payment Net-30,True,887,2022-06-01,REP-02,PREMIUM
CUST-362,Lam LLC,1,HORECA,3,Other_Regions,4734,607,864,1206,159,405,7975,SMB,Net-60,3.305078085828523,6.8,HORECA channel + Moderate frequency + Payment Net-60,True,1014,2022-01-25,REP-21,STANDARD
CUST-363,"Hernandez, Martinez and Weber",1,HORECA,3,Other_Regions,2121,1601,2453,560,179,712,7626,SMB,Net-30,4.152576720333626,7.3,HORECA channel + High order frequency + Payment Net-30,True,954,2022-03-26,REP-15,PREMIUM
CUST-364,"Kelley, Nguyen and Vang",1,HORECA,3,Other_Regions,4627,997,4438,191,1335,314,11902,SMB,Net-30,4.213430092765712,7.3,HORECA channel + High order frequency + Payment Net-30,True,441,2023-08-21,REP-20,PREMIUM
CUST-365,"Phillips, Wagner and Jordan",1,HORECA,3,Other_Regions,2615,873,1524,1103,514,468,7097,SMB,Net-90,3.848261342604772,7.8,HORECA channel + Moderate frequency + Payment Net-90,True,873,2022-06-15,REP-18,PREMIUM
CUST-366,"Wilson, Pena and Rich",2,Retail,3,Other_Regions,4692,6128,8025,1619,4515,3105,28084,Mid-Market,Net-30,1.6046663534370842,3.1,Retail channel + Low frequency + Payment Net-30,False,805,2022-08-22,REP-15,STANDARD
CUST-367,"Le, Lewis and Hayes",1,HORECA,3,Other_Regions,9561,2217,1664,1173,222,447,15284,SMB,Net-90,4.86873402953803,8.1,HORECA channel + High order frequency + Payment Net-90,True,618,2023-02-25,REP-19,PREMIUM
CUST-368,Gutierrez Group,1,HORECA,3,Other_Regions,3477,894,534,1457,252,342,6956,SMB,Net-90,4.851137025813553,8.0,HORECA channel + High order frequency + Payment Net-90,True,684,2022-12-21,REP-23,PREMIUM
CUST-369,Perry-Davis,1,HORECA,3,Other_Regions,22335,1196,2406,2046,101,558,28642,Mid-Market,Net-30,3.901678742808264,6.4,HORECA channel + Moderate frequency + Payment Net-30,True,627,2023-02-16,REP-24,STANDARD
CUST-370,Edwards-Scott,1,HORECA,3,Other_Regions,6211,337,683,1089,41,296,8657,SMB,Net-30,3.2264760916815103,6.1,HORECA channel + Moderate frequency + Payment Net-30,True,961,2022-03-19,REP-12,STANDARD
CUST-371,Mcdaniel Group,2,Retail,3,Other_Regions,39679,3944,4955,1364,523,2235,52700,Enterprise,Net-30,1.977261798443502,3.3,Retail channel + Low frequency + Payment Net-30,False,1022,2022-01-17,REP-13,ENTERPRISE
CUST-372,Davis Inc,1,HORECA,3,Other_Regions,20105,1887,1939,8164,716,790,33601,Mid-Market,Net-30,4.677796172891869,7.0,HORECA channel + High order frequency + Payment Net-30,True,918,2022-05-01,REP-22,PREMIUM
CUST-373,Reynolds Ltd,1,HORECA,3,Other_Regions,3884,3801,1641,876,397,4829,15428,SMB,Net-30,3.249325362406534,5.6,HORECA channel + Moderate frequency + Payment Net-30,False,738,2022-10-28,REP-11,STANDARD
CUST-374,"Watson, Anderson and Brown",2,Retail,3,Other_Regions,15076,6257,7398,1504,1916,3113,35264,Mid-Market,Net-60,1.8812628239260585,3.1,Retail channel + Low frequency + Payment Net-60,False,1001,2022-02-07,REP-05,STANDARD
CUST-375,"Hoffman, Santiago and Jenkins",1,HORECA,3,Other_Regions,6338,2256,1668,1492,311,686,12751,SMB,Net-30,4.739792724124257,7.2,HORECA channel + High order frequency + Payment Net-30,True,531,2023-05-23,REP-01,PREMIUM
CUST-376,"Pugh, Henderson and Moon",1,HORECA,3,Other_Regions,5841,1450,1162,597,476,70,9596,SMB,Net-30,4.037676114252144,6.9,HORECA channel + High order frequency + Payment Net-30,True,823,2022-08-04,REP-24,STANDARD
CUST-377,Schmitt PLC,2,Retail,3,Other_Regions,3136,8630,13586,5641,4666,1426,37085,Mid-Market,Net-60,1.3869131536173938,3.2,Retail channel + Low frequency + Payment Net-60,False,644,2023-01-30,REP-03,STANDARD
CUST-378,Bell-Lane,1,HORECA,3,Other_Regions,38793,3154,2648,1034,96,1242,46967,Mid-Market,Net-30,3.7980054077402605,6.0,HORECA channel + Moderate frequency + Payment Net-30,False,1064,2021-12-06,REP-22,STANDARD
CUST-379,Moore Group,1,HORECA,3,Other_Regions,3225,3294,1902,282,68,1114,9885,SMB,Net-60,3.1095232776440627,6.1,HORECA channel + Moderate frequency + Payment Net-60,True,666,2023-01-08,REP-19,STANDARD
CUST-380,Boone LLC,2,Retail,3,Other_Regions,4048,5164,10391,130,813,179,20725,Mid-Market,Net-30,1.0027958624688513,3.1,Retail channel + Low frequency + Payment Net-30,False,895,2022-05-24,REP-23,STANDARD
CUST-381,"Richardson, Farmer and Andrews",1,HORECA,3,Other_Regions,28257,944,2146,3881,600,270,36098,Mid-Market,Net-30,4.605706897196023,6.8,HORECA channel + High order frequency + Payment Net-30,True,944,2022-04-05,REP-07,STANDARD
CUST-382,Bruce-Villegas,1,HORECA,3,Other_Regions,17770,4591,1617,9927,246,532,34683,Mid-Market,Net-60,3.0092640460092057,6.8,HORECA channel + Moderate frequency + Payment Net-60,True,582,2023-04-02,REP-12,STANDARD
CUST-383,"Austin, Day and Johnson",1,HORECA,3,Other_Regions,34454,7435,8469,2540,1711,2893,57502,Enterprise,Net-60,3.6669983433822884,6.3,HORECA channel + Moderate frequency + Payment Net-60,True,466,2023-07-27,REP-15,STANDARD
CUST-384,"Gallegos, Adams and White",1,HORECA,3,Other_Regions,1821,1364,3450,4006,397,361,11399,SMB,Net-60,3.796337387181887,6.5,HORECA channel + Moderate frequency + Payment Net-60,True,918,2022-05-01,REP-25,STANDARD
CUST-385,"Farmer, Dorsey and Bell",1,HORECA,3,Other_Regions,10683,21858,15400,3635,282,5120,56978,Enterprise,Net-60,4.0747912058758455,7.0,HORECA channel + High order frequency + Payment Net-60,True,652,2023-01-22,REP-05,PREMIUM
CUST-386,Kane PLC,1,HORECA,3,Other_Regions,11635,922,1614,2583,192,1068,18014,SMB,Net-60,4.839711232825521,7.1,HORECA channel + High order frequency + Payment Net-60,True,531,2023-05-23,REP-15,PREMIUM
CUST-387,"Morales, Thomas and Schultz",1,HORECA,3,Other_Regions,1206,3620,2857,1945,353,967,10948,SMB,Net-30,3.6926919887319225,5.9,HORECA channel + Moderate frequency + Payment Net-30,False,985,2022-02-23,REP-08,STANDARD
CUST-388,Davis PLC,1,HORECA,3,Other_Regions,20918,1916,1573,1960,231,961,27559,Mid-Market,Net-30,3.6939064037924556,6.0,HORECA channel + Moderate frequency + Payment Net-30,False,400,2023-10-01,REP-10,STANDARD
CUST-389,Bennett Group,1,HORECA,3,Other_Regions,9785,848,1172,1677,200,406,14088,SMB,Net-60,4.4750024962194965,7.6,HORECA channel + High order frequency + Payment Net-60,True,717,2022-11-18,REP-16,PREMIUM
CUST-390,Moore-Collins,1,HORECA,3,Other_Regions,9385,1530,1422,3019,227,684,16267,SMB,Net-60,3.904435881779614,6.3,HORECA channel + Moderate frequency + Payment Net-60,True,1040,2021-12-30,REP-08,STANDARD
CUST-391,Frank-Bradley,1,HORECA,3,Other_Regions,3352,1181,1328,5502,311,1000,12674,SMB,Net-90,3.449209645879964,7.7,HORECA channel + Moderate frequency + Payment Net-90,True,437,2023-08-25,REP-01,PREMIUM
CUST-392,Ware and Sons,1,HORECA,3,Other_Regions,2647,2761,2313,907,95,1827,10550,SMB,Net-30,3.904879032265387,6.4,HORECA channel + Moderate frequency + Payment Net-30,True,1012,2022-01-27,REP-12,STANDARD
CUST-393,Webster Inc,1,HORECA,3,Other_Regions,518,4180,3600,659,122,654,9733,SMB,Net-30,3.2817140407595997,6.3,HORECA channel + Moderate frequency + Payment Net-30,True,717,2022-11-18,REP-05,STANDARD
CUST-394,"Miller, Ramos and Coleman",1,HORECA,3,Other_Regions,23632,6730,3842,8620,385,819,44028,Mid-Market,Net-60,3.3527739730124466,6.0,HORECA channel + Moderate frequency + Payment Net-60,False,434,2023-08-28,REP-03,STANDARD
CUST-395,"Ramos, Nelson and Fischer",1,HORECA,3,Other_Regions,12377,865,3204,1398,149,452,18445,SMB,Net-30,3.9967355454789595,6.0,HORECA channel + Moderate frequency + Payment Net-30,False,789,2022-09-07,REP-01,STANDARD
CUST-396,Reed Inc,1,HORECA,3,Other_Regions,9602,1316,1263,2921,841,290,16233,SMB,Net-90,3.837850899009096,7.1,HORECA channel + Moderate frequency + Payment Net-90,True,1072,2021-11-28,REP-04,PREMIUM
CUST-397,Gregory-Watkins,2,Retail,3,Other_Regions,4515,11991,9345,2644,3378,2213,34086,Mid-Market,Net-60,1.8722688516021502,3.2,Retail channel + Low frequency + Payment Net-60,False,925,2022-04-24,REP-08,STANDARD
CUST-398,"Estrada, Williams and Foster",1,HORECA,3,Other_Regions,11535,1666,1428,6838,64,743,22274,Mid-Market,Net-30,3.7247877982332662,6.5,HORECA channel + Moderate frequency + Payment Net-30,True,1006,2022-02-02,REP-03,STANDARD
CUST-399,"Brown, Harris and Dougherty",1,HORECA,3,Other_Regions,11442,1032,582,5390,74,247,18767,SMB,Net-60,4.161176700556087,7.1,HORECA channel + High order frequency + Payment Net-60,True,881,2022-06-07,REP-10,PREMIUM
CUST-400,Duran LLC,1,HORECA,3,Other_Regions,9612,577,935,1601,469,375,13569,SMB,Net-60,4.26452857583906,7.5,HORECA channel + High order frequency + Payment Net-60,True,792,2022-09-04,REP-02,PREMIUM
CUST-401,Wilson-Jimenez,1,HORECA,3,Other_Regions,4446,906,1238,3576,153,1014,11333,SMB,Net-30,3.026188913176667,6.1,HORECA channel + Moderate frequency + Payment Net-30,True,903,2022-05-16,REP-11,STANDARD
CUST-402,Thompson-James,1,HORECA,3,Other_Regions,27167,2801,2128,13223,92,1902,47313,Mid-Market,Net-90,4.327074744033421,8.7,HORECA channel + High order frequency + Payment Net-90,True,524,2023-05-30,REP-25,PREMIUM
CUST-403,"Hall, Hansen and Barnett",1,HORECA,3,Other_Regions,26539,4753,5091,220,10,340,36953,Mid-Market,Net-30,3.3560719337395026,6.1,HORECA channel + Moderate frequency + Payment Net-30,True,513,2023-06-10,REP-10,STANDARD
CUST-404,Jones-Hensley,1,HORECA,3,Other_Regions,25606,11006,4604,127,632,288,42263,Mid-Market,Net-60,4.92214063493891,7.0,HORECA channel + High order frequency + Payment Net-60,True,594,2023-03-21,REP-21,PREMIUM
CUST-405,Graham Group,1,HORECA,3,Other_Regions,18073,4613,3444,4324,914,715,32083,Mid-Market,Net-30,3.297325455506226,5.8,HORECA channel + Moderate frequency + Payment Net-30,False,1076,2021-11-24,REP-14,STANDARD
CUST-406,Atkins PLC,1,HORECA,3,Other_Regions,6884,1046,1167,2069,593,378,12137,SMB,Net-60,3.8292482474540472,6.5,HORECA channel + Moderate frequency + Payment Net-60,True,926,2022-04-23,REP-07,STANDARD
CUST-407,Berry-Mckinney,1,HORECA,3,Other_Regions,25066,5010,5026,9806,1092,960,46960,Mid-Market,Net-30,3.1706993361572877,5.6,HORECA channel + Moderate frequency + Payment Net-30,False,431,2023-08-31,REP-02,STANDARD
CUST-408,Roberts-Sullivan,2,Retail,3,Other_Regions,7362,12844,18683,2854,7883,553,50179,Enterprise,Net-30,1.995311377768921,2.9,Retail channel + Low frequency + Payment Net-30,False,745,2022-10-21,REP-09,ENTERPRISE
CUST-409,Jackson-Meza,2,Retail,3,Other_Regions,8257,3880,6407,1646,2730,344,23264,Mid-Market,Net-90,1.253292515496864,4.0,Retail channel + Low frequency + Payment Net-90,False,422,2023-09-09,REP-16,STANDARD
CUST-410,Collier-Gillespie,1,HORECA,3,Other_Regions,8708,3634,6100,2349,2123,5137,28051,Mid-Market,Net-30,4.190770034640088,6.6,HORECA channel + High order frequency + Payment Net-30,True,623,2023-02-20,REP-13,STANDARD
CUST-411,Kim Inc,1,HORECA,3,Other_Regions,6633,2096,4563,1389,1860,1892,18433,SMB,Net-30,3.134152954776855,5.9,HORECA channel + Moderate frequency + Payment Net-30,False,706,2022-11-29,REP-09,STANDARD
CUST-412,Graham Group,1,HORECA,3,Other_Regions,2126,3289,3281,1535,235,4365,14831,SMB,Net-90,4.499920940798356,8.1,HORECA channel + High order frequency + Payment Net-90,True,494,2023-06-29,REP-20,PREMIUM
CUST-413,"Miller, Harrell and Reese",1,HORECA,3,Other_Regions,97,3605,12400,98,2970,62,19232,SMB,Net-90,3.4198111861911715,7.6,HORECA channel + Moderate frequency + Payment Net-90,True,1091,2021-11-09,REP-04,PREMIUM
CUST-414,Cook and Sons,1,HORECA,3,Other_Regions,4983,4859,6633,17866,912,2435,37688,Mid-Market,Net-30,4.7961085788814275,7.2,HORECA channel + High order frequency + Payment Net-30,True,536,2023-05-18,REP-22,PREMIUM
CUST-415,Dixon Inc,1,HORECA,3,Other_Regions,5969,1990,3417,5679,1135,290,18480,SMB,Net-60,3.4102792809640143,6.8,HORECA channel + Moderate frequency + Payment Net-60,True,978,2022-03-02,REP-10,STANDARD
CUST-416,"Hicks, Bullock and Bailey",2,Retail,3,Other_Regions,7842,6046,8552,1691,3540,1874,29545,Mid-Market,Net-30,0.7860315809954999,2.7,Retail channel + Low frequency + Payment Net-30,False,573,2023-04-11,REP-22,STANDARD
CUST-417,"Mullen, Brewer and Hernandez",2,Retail,3,Other_Regions,4389,10940,10908,848,6728,993,34806,Mid-Market,Net-30,0.5548245017721423,2.7,Retail channel + Low frequency + Payment Net-30,False,718,2022-11-17,REP-12,STANDARD
CUST-418,Thomas and Sons,1,HORECA,3,Other_Regions,5065,5499,11055,364,3485,1063,26531,Mid-Market,Net-30,3.9441338902199985,5.6,HORECA channel + Moderate frequency + Payment Net-30,False,835,2022-07-23,REP-17,STANDARD
CUST-419,Morrison Ltd,2,Retail,3,Other_Regions,660,8494,18622,133,6740,776,35425,Mid-Market,Net-60,1.3472616998939246,3.6,Retail channel + Low frequency + Payment Net-60,False,480,2023-07-13,REP-14,STANDARD
CUST-420,Thompson Ltd,1,HORECA,3,Other_Regions,8861,3783,2223,633,1580,1521,18601,SMB,Net-60,3.1314172788567047,6.7,HORECA channel + Moderate frequency + Payment Net-60,True,628,2023-02-15,REP-14,STANDARD
CUST-421,Marshall-Elliott,1,HORECA,3,Other_Regions,4456,5266,13227,25,6818,1393,31185,Mid-Market,Net-60,4.551055233390021,7.0,HORECA channel + High order frequency + Payment Net-60,True,1026,2022-01-13,REP-25,PREMIUM
CUST-422,"Cole, Glass and Cunningham",2,Retail,3,Other_Regions,17063,4847,9053,1031,3415,1784,37193,Mid-Market,Net-60,1.1799332521220414,3.9,Retail channel + Low frequency + Payment Net-60,False,806,2022-08-21,REP-02,STANDARD
CUST-423,"Downs, Morris and Maddox",1,HORECA,3,Other_Regions,26400,1377,4172,830,948,1218,34945,Mid-Market,Net-30,4.04878053865516,6.6,HORECA channel + High order frequency + Payment Net-30,True,912,2022-05-07,REP-21,STANDARD
CUST-424,Hernandez-Jones,2,Retail,3,Other_Regions,17565,3686,4657,1059,1803,668,29438,Mid-Market,Net-30,1.1611441204073423,3.0,Retail channel + Low frequency + Payment Net-30,False,817,2022-08-10,REP-25,STANDARD
CUST-425,Welch-Hogan,2,Retail,3,Other_Regions,16980,2884,12232,874,3213,249,36432,Mid-Market,Net-30,1.101144591312989,3.2,Retail channel + Low frequency + Payment Net-30,False,841,2022-07-17,REP-20,STANDARD
CUST-426,"Brown, Romero and Collins",1,HORECA,3,Other_Regions,11243,2408,2593,15348,108,1886,33586,Mid-Market,Net-30,4.119280662616436,7.4,HORECA channel + High order frequency + Payment Net-30,True,651,2023-01-23,REP-11,PREMIUM
CUST-427,Johnson-Wood,1,HORECA,3,Other_Regions,13134,9347,14316,3141,5079,1894,46911,Mid-Market,Net-30,3.310480491861425,6.2,HORECA channel + Moderate frequency + Payment Net-30,True,667,2023-01-07,REP-16,STANDARD
CUST-428,Jones-Lin,1,HORECA,3,Other_Regions,31012,16687,5429,15082,439,1163,69812,Enterprise,Net-60,3.3638562609905422,6.8,HORECA channel + Moderate frequency + Payment Net-60,True,675,2022-12-30,REP-19,STANDARD
CUST-429,Gilbert PLC,1,HORECA,3,Other_Regions,3047,5970,4910,2198,850,317,17292,SMB,Net-30,4.723571242027035,6.8,HORECA channel + High order frequency + Payment Net-30,True,572,2023-04-12,REP-23,STANDARD
CUST-430,Ford-Spencer,1,HORECA,3,Other_Regions,8607,1750,3580,47,84,2501,16569,SMB,Net-30,4.892230924267265,7.3,HORECA channel + High order frequency + Payment Net-30,True,982,2022-02-26,REP-06,PREMIUM
CUST-431,"Huang, Cole and Pacheco",1,HORECA,3,Other_Regions,3097,4230,16483,575,241,2080,26706,Mid-Market,Net-30,3.746618632559506,5.6,HORECA channel + Moderate frequency + Payment Net-30,False,810,2022-08-17,REP-24,STANDARD
CUST-432,"Lopez, Jacobs and Mason",1,HORECA,3,Other_Regions,8533,5506,5160,13486,1377,1498,35560,Mid-Market,Net-60,3.5414893462871078,6.9,HORECA channel + Moderate frequency + Payment Net-60,True,1034,2022-01-05,REP-19,STANDARD
CUST-433,Hayes LLC,1,HORECA,3,Other_Regions,21117,1162,4754,269,1328,395,29025,Mid-Market,Net-60,4.287999086478031,7.5,HORECA channel + High order frequency + Payment Net-60,True,997,2022-02-11,REP-05,PREMIUM
CUST-434,"Miller, Lucas and Williams",1,HORECA,3,Other_Regions,1982,3218,1493,1541,356,1449,10039,SMB,Net-30,3.817468342196193,6.3,HORECA channel + Moderate frequency + Payment Net-30,True,419,2023-09-12,REP-04,STANDARD
CUST-435,"Kim, Gonzales and Mills",1,HORECA,3,Other_Regions,16731,3922,7994,688,2371,838,32544,Mid-Market,Net-30,3.0507727113206897,6.0,HORECA channel + Moderate frequency + Payment Net-30,False,376,2023-10-25,REP-15,STANDARD
CUST-436,Cox LLC,1,HORECA,3,Other_Regions,29703,12051,16027,13135,182,2204,73302,Enterprise,Net-60,3.3123051947323807,6.6,HORECA channel + Moderate frequency + Payment Net-60,True,1021,2022-01-18,REP-04,STANDARD
CUST-437,Ortiz-Morgan,1,HORECA,3,Other_Regions,39228,1431,764,4510,93,2346,48372,Mid-Market,Net-30,4.4319444576947955,7.0,HORECA channel + High order frequency + Payment Net-30,True,764,2022-10-02,REP-20,PREMIUM
CUST-438,"Williams, Mccoy and Cook",2,Retail,3,Other_Regions,14531,15488,30243,437,14841,1867,77407,Enterprise,Net-60,1.488385912865227,3.7,Retail channel + Low frequency + Payment Net-60,False,1012,2022-01-27,REP-10,ENTERPRISE
CUST-439,Davis-Gregory,1,HORECA,3,Other_Regions,10290,1981,2232,1038,168,2125,17834,SMB,Net-60,3.054191985006967,6.1,HORECA channel + Moderate frequency + Payment Net-60,True,879,2022-06-09,REP-24,STANDARD
CUST-440,King-York,1,HORECA,3,Other_Regions,2787,1698,2510,65,477,52,7589,SMB,Net-30,3.4439443238658987,5.6,HORECA channel + Moderate frequency + Payment Net-30,False,1020,2022-01-19,REP-22,STANDARD
