SKU,ProductName,Category,UnitCost,ListPrice,Weight_kg,IsPerishable,ReturnRate_Percent,GrossMargin_Percent,Markup_Multiplier
SKU-FRE-0001,Tomato (Fresh),Fresh,1.44,2.36,3.71,True,8.39,39.12,1.64
SKU-FRE-0002,Lettuce (Fresh),Fresh,0.89,1.36,0.48,True,9.46,34.36,1.52
SKU-FRE-0003,Carrot (Fresh),Fresh,2.0,3.22,0.3,True,9.88,37.74,1.61
SKU-FRE-0004,Broccoli (Fresh),Fresh,2.58,3.95,1.07,True,6.73,34.72,1.53
SKU-FRE-0005,Bell Pepper (Fresh),Fresh,1.26,1.99,2.27,True,7.16,36.66,1.58
SKU-FRE-0006,Cucumber (Fresh),Fresh,2.03,3.09,1.6,True,7.47,34.25,1.52
SKU-FRE-0007,Onion (Fresh),Fresh,1.64,2.65,1.16,True,8.06,38.19,1.62
SKU-FRE-0008,Garlic (Fresh),Fresh,1.98,2.99,3.12,True,6.68,33.64,1.51
SKU-FRE-0009,Spinach (Fresh),Fresh,0.66,1.09,4.84,True,9.23,39.11,1.64
SKU-FRE-0010,Potato (Fresh),Fresh,1.26,1.91,3.48,True,7.76,33.98,1.51
SKU-FRE-0011,Asparagus (Fresh),Fresh,0.81,1.27,0.37,True,9.64,36.48,1.57
SKU-FRE-0012,Green Beans (Fresh),Fresh,1.15,1.83,1.7,True,8.08,37.48,1.6
SKU-FRE-0013,Zucchini (Fresh),Fresh,1.87,2.85,4.85,True,9.1,34.54,1.53
SKU-FRE-0014,Cauliflower (Fresh),Fresh,2.85,4.66,3.07,True,9.69,38.81,1.63
SKU-FRE-0015,Mushroom (Fresh),Fresh,0.72,1.1,0.42,True,7.3,34.61,1.53
SKU-FRE-0016,Celery (Fresh),Fresh,1.47,2.27,4.18,True,7.43,35.09,1.54
SKU-FRE-0017,Leek (Fresh),Fresh,1.2,1.9,0.88,True,9.21,36.77,1.58
SKU-FRE-0018,Radish (Fresh),Fresh,0.69,1.13,3.91,True,6.79,39.32,1.65
SKU-FRE-0019,Pay (Fresh),Fresh,0.51,0.83,3.59,True,8.92,38.36,1.62
SKU-FRE-0020,Ground (Fresh),Fresh,2.43,3.67,1.92,True,6.46,33.82,1.51
SKU-FRE-0021,Cover (Fresh),Fresh,2.66,4.24,1.79,True,6.25,37.24,1.59
SKU-FRE-0022,Compare (Fresh),Fresh,1.28,1.98,3.7,True,8.55,35.43,1.55
SKU-FRE-0023,Morning (Fresh),Fresh,2.72,4.27,0.77,True,8.85,36.34,1.57
SKU-FRE-0024,Set (Fresh),Fresh,2.4,3.81,3.9,True,7.98,36.88,1.58
SKU-FRE-0025,Myself (Fresh),Fresh,1.81,2.83,0.32,True,6.43,36.07,1.56
SKU-FRE-0026,Really (Fresh),Fresh,0.58,0.92,1.71,True,8.03,37.32,1.6
SKU-FRE-0027,Quite (Fresh),Fresh,2.77,4.26,2.17,True,9.02,34.95,1.54
SKU-FRE-0028,Human (Fresh),Fresh,1.07,1.62,1.59,True,6.64,33.84,1.51
SKU-FRE-0029,Act (Fresh),Fresh,2.82,4.58,3.24,True,9.49,38.32,1.62
SKU-FRE-0030,Moment (Fresh),Fresh,2.51,3.83,4.48,True,8.16,34.55,1.53
SKU-FRE-0031,Quality (Fresh),Fresh,2.52,4.12,1.73,True,6.44,38.82,1.63
SKU-FRE-0032,Two (Fresh),Fresh,1.07,1.67,4.13,True,9.44,36.06,1.56
SKU-FRE-0033,Their (Fresh),Fresh,0.52,0.82,2.2,True,6.89,36.57,1.58
SKU-FRE-0034,Real (Fresh),Fresh,0.8,1.24,4.73,True,7.29,35.51,1.55
SKU-FRE-0035,Full (Fresh),Fresh,1.8,2.88,1.95,True,9.89,37.71,1.61
SKU-FRE-0036,Whose (Fresh),Fresh,2.91,4.47,2.59,True,7.2,34.97,1.54
SKU-FRE-0037,Church (Fresh),Fresh,1.21,1.82,3.13,True,8.01,33.58,1.51
SKU-FRE-0038,Recently (Fresh),Fresh,0.63,0.97,4.56,True,6.96,35.14,1.54
SKU-FRE-0039,That (Fresh),Fresh,0.86,1.36,4.93,True,6.97,36.44,1.57
SKU-FRE-0040,Thus (Fresh),Fresh,2.18,3.52,1.34,True,8.91,38.05,1.61
SKU-FRE-0041,Form (Fresh),Fresh,1.42,2.26,3.24,True,8.14,37.3,1.59
SKU-FRE-0042,Town (Fresh),Fresh,0.73,1.18,1.74,True,6.75,38.47,1.63
SKU-FRE-0043,Contain (Fresh),Fresh,0.6,0.96,3.45,True,6.07,37.05,1.59
SKU-FRE-0044,Main (Fresh),Fresh,1.78,2.73,3.3,True,6.7,34.81,1.53
SKU-FRE-0045,No (Fresh),Fresh,2.23,3.47,4.7,True,6.55,35.82,1.56
SKU-FRE-0046,Main (Fresh),Fresh,1.35,2.05,4.64,True,9.51,34.08,1.52
SKU-FRE-0047,Event (Fresh),Fresh,1.14,1.83,4.12,True,8.22,37.46,1.6
SKU-FRE-0048,Campaign (Fresh),Fresh,1.82,2.8,0.65,True,9.59,34.91,1.54
SKU-FRE-0049,Light (Fresh),Fresh,2.75,4.39,1.83,True,7.4,37.3,1.59
SKU-FRE-0050,Employee (Fresh),Fresh,2.31,3.78,4.46,True,9.12,38.82,1.63
SKU-FRE-0051,Become (Fresh),Fresh,2.11,3.18,0.98,True,9.59,33.89,1.51
SKU-FRE-0052,Task (Fresh),Fresh,2.02,3.03,0.69,True,8.65,33.39,1.5
SKU-FRE-0053,Out (Fresh),Fresh,0.51,0.78,2.83,True,8.77,34.39,1.52
SKU-FRE-0054,Require (Fresh),Fresh,2.13,3.27,3.62,True,6.95,34.8,1.53
SKU-FRE-0055,Each (Fresh),Fresh,1.31,2.12,3.32,True,9.4,37.96,1.61
SKU-MIL-0001,Whole Milk (Milk),Milk,2.97,3.91,0.41,True,3.1,23.88,1.31
SKU-MIL-0002,Skim Milk (Milk),Milk,1.8,2.24,1.47,True,3.18,19.92,1.25
SKU-MIL-0003,2% Milk (Milk),Milk,3.68,4.88,1.25,True,3.51,24.6,1.33
SKU-MIL-0004,Yogurt (Milk),Milk,2.73,3.55,0.53,True,4.17,22.99,1.3
SKU-MIL-0005,Greek Yogurt (Milk),Milk,1.84,2.22,1.07,True,2.53,17.0,1.2
SKU-MIL-0006,Cheese (Milk),Milk,3.82,5.31,1.4,True,3.11,28.1,1.39
SKU-MIL-0007,Cheddar (Milk),Milk,1.05,1.45,0.81,True,4.9,27.83,1.39
SKU-MIL-0008,Mozzarella (Milk),Milk,3.89,5.33,0.65,True,3.16,27.04,1.37
SKU-MIL-0009,Butter (Milk),Milk,3.55,4.49,0.5,True,3.67,20.85,1.26
SKU-MIL-0010,Cream (Milk),Milk,3.81,5.1,0.98,True,2.29,25.33,1.34
SKU-MIL-0011,Cottage Cheese (Milk),Milk,2.85,3.98,0.47,True,3.55,28.47,1.4
SKU-MIL-0012,Medical (Milk),Milk,3.63,4.9,1.14,True,4.11,25.82,1.35
SKU-MIL-0013,Quite (Milk),Milk,2.08,2.62,1.27,True,4.43,20.55,1.26
SKU-MIL-0014,Lot (Milk),Milk,3.6,4.98,0.91,True,3.5,27.68,1.38
SKU-MIL-0015,Policy (Milk),Milk,3.39,4.52,1.14,True,4.39,24.81,1.33
SKU-MIL-0016,Consumer (Milk),Milk,3.67,4.65,0.75,True,2.28,21.11,1.27
SKU-MIL-0017,Account (Milk),Milk,2.73,3.3,0.86,True,3.63,17.16,1.21
SKU-MIL-0018,Turn (Milk),Milk,1.86,2.45,0.34,True,2.11,24.14,1.32
SKU-MIL-0019,Face (Milk),Milk,3.47,4.41,0.45,True,3.57,21.39,1.27
SKU-MIL-0020,Through (Milk),Milk,3.31,4.11,1.05,True,2.26,19.56,1.24
SKU-MIL-0021,Sit (Milk),Milk,1.16,1.51,0.95,True,3.91,23.45,1.31
SKU-MIL-0022,Really (Milk),Milk,3.18,4.43,0.92,True,2.97,28.32,1.4
SKU-MIL-0023,So (Milk),Milk,3.39,4.25,0.83,True,2.24,20.27,1.25
SKU-MIL-0024,Job (Milk),Milk,1.08,1.5,1.3,True,4.09,28.19,1.39
SKU-MIL-0025,Dark (Milk),Milk,2.23,2.75,0.49,True,2.75,19.01,1.23
SKU-GRO-0001,Rice (Grocery),Grocery,1.51,2.42,6.77,False,1.56,37.78,1.61
SKU-GRO-0002,Pasta (Grocery),Grocery,2.4,3.87,5.77,False,2.22,37.91,1.61
SKU-GRO-0003,Bread (Grocery),Grocery,1.22,1.88,3.88,False,2.52,34.94,1.54
SKU-GRO-0004,Cereal (Grocery),Grocery,0.33,0.5,0.94,False,1.08,34.1,1.52
SKU-GRO-0005,Olive Oil (Grocery),Grocery,2.18,3.5,5.0,False,1.2,37.72,1.61
SKU-GRO-0006,Vegetable Oil (Grocery),Grocery,1.38,2.17,2.15,False,1.87,36.35,1.57
SKU-GRO-0007,Sugar (Grocery),Grocery,1.18,1.87,6.53,False,1.09,37.2,1.59
SKU-GRO-0008,Flour (Grocery),Grocery,1.12,1.79,5.28,False,2.71,37.26,1.59
SKU-GRO-0009,Beans (Grocery),Grocery,1.75,2.67,1.17,False,2.28,34.4,1.52
SKU-GRO-0010,Canned Tomatoes (Grocery),Grocery,0.36,0.57,9.43,False,2.15,37.02,1.59
SKU-GRO-0011,Coffee (Grocery),Grocery,1.15,1.84,4.85,False,2.09,37.36,1.6
SKU-GRO-0012,Tea (Grocery),Grocery,2.37,3.69,9.63,False,2.81,35.81,1.56
SKU-GRO-0013,Salt (Grocery),Grocery,0.73,1.1,1.46,False,1.04,33.79,1.51
SKU-GRO-0014,Pepper (Grocery),Grocery,0.51,0.81,1.18,False,1.64,37.6,1.6
SKU-GRO-0015,Spices (Grocery),Grocery,2.16,3.25,8.24,False,1.56,33.49,1.5
SKU-GRO-0016,Peanut Butter (Grocery),Grocery,0.56,0.9,6.47,False,2.75,37.68,1.6
SKU-GRO-0017,Jam (Grocery),Grocery,1.92,3.11,3.18,False,1.35,38.29,1.62
SKU-GRO-0018,Honey (Grocery),Grocery,1.95,3.16,9.91,False,1.83,38.31,1.62
SKU-GRO-0019,Nuts (Grocery),Grocery,1.12,1.81,3.74,False,2.86,38.14,1.62
SKU-GRO-0020,Raisins (Grocery),Grocery,2.19,3.42,7.63,False,2.51,36.08,1.56
SKU-GRO-0021,Democrat (Grocery),Grocery,0.53,0.86,5.3,False,2.65,38.85,1.64
SKU-GRO-0022,Animal (Grocery),Grocery,1.0,1.64,4.2,False,1.02,38.81,1.63
SKU-GRO-0023,Change (Grocery),Grocery,2.29,3.47,3.53,False,2.9,33.94,1.51
SKU-GRO-0024,National (Grocery),Grocery,2.39,3.79,6.5,False,1.9,36.95,1.59
SKU-GRO-0025,Few (Grocery),Grocery,0.95,1.46,6.89,False,2.5,35.45,1.55
SKU-GRO-0026,Price (Grocery),Grocery,2.04,3.3,1.37,False,1.99,38.21,1.62
SKU-GRO-0027,Husband (Grocery),Grocery,0.43,0.68,4.69,False,2.78,36.81,1.58
SKU-GRO-0028,Try (Grocery),Grocery,1.07,1.63,1.86,False,2.52,34.1,1.52
SKU-GRO-0029,Common (Grocery),Grocery,1.66,2.52,1.3,False,2.4,34.0,1.52
SKU-GRO-0030,Far (Grocery),Grocery,0.46,0.75,7.21,False,1.16,38.4,1.62
SKU-GRO-0031,Answer (Grocery),Grocery,0.49,0.8,4.06,False,1.74,39.32,1.65
SKU-GRO-0032,Strategy (Grocery),Grocery,2.09,3.43,9.87,False,2.51,39.1,1.64
SKU-GRO-0033,Move (Grocery),Grocery,1.13,1.71,7.88,False,2.12,33.89,1.51
SKU-GRO-0034,Sister (Grocery),Grocery,1.23,2.02,1.56,False,1.99,38.87,1.64
SKU-GRO-0035,Lot (Grocery),Grocery,0.32,0.51,1.03,False,1.24,36.32,1.57
SKU-GRO-0036,Available (Grocery),Grocery,0.56,0.89,7.59,False,2.17,37.4,1.6
SKU-GRO-0037,Wear (Grocery),Grocery,2.42,3.76,3.21,False,2.74,35.74,1.56
SKU-GRO-0038,Relationship (Grocery),Grocery,0.79,1.3,0.62,False,2.94,39.19,1.64
SKU-GRO-0039,Treatment (Grocery),Grocery,0.39,0.65,5.51,False,2.99,38.79,1.63
SKU-GRO-0040,Series (Grocery),Grocery,0.46,0.73,9.71,False,2.05,36.83,1.58
SKU-GRO-0041,My (Grocery),Grocery,1.68,2.7,4.82,False,2.26,37.67,1.6
SKU-GRO-0042,National (Grocery),Grocery,1.59,2.59,0.93,False,1.56,38.84,1.64
SKU-GRO-0043,Cultural (Grocery),Grocery,2.39,3.91,4.83,False,2.24,38.78,1.63
SKU-GRO-0044,Employee (Grocery),Grocery,0.91,1.39,4.91,False,1.71,34.56,1.53
SKU-GRO-0045,Sea (Grocery),Grocery,1.58,2.39,9.76,False,2.97,33.85,1.51
SKU-GRO-0046,Together (Grocery),Grocery,1.84,2.9,3.44,False,2.63,36.73,1.58
SKU-GRO-0047,Employee (Grocery),Grocery,1.81,2.75,9.15,False,2.65,34.4,1.52
SKU-GRO-0048,Own (Grocery),Grocery,2.39,3.84,6.33,False,1.84,37.84,1.61
SKU-GRO-0049,Program (Grocery),Grocery,2.35,3.83,0.93,False,1.05,38.65,1.63
SKU-GRO-0050,Raise (Grocery),Grocery,1.13,1.83,9.88,False,1.3,38.33,1.62
SKU-GRO-0051,Coach (Grocery),Grocery,1.61,2.5,9.71,False,2.68,35.78,1.56
SKU-GRO-0052,Environment (Grocery),Grocery,2.14,3.37,4.44,False,1.55,36.32,1.57
SKU-GRO-0053,Chance (Grocery),Grocery,0.42,0.69,8.22,False,3.0,38.64,1.63
SKU-GRO-0054,Property (Grocery),Grocery,2.49,3.95,7.81,False,2.89,36.84,1.58
SKU-GRO-0055,View (Grocery),Grocery,2.17,3.33,4.78,False,1.26,34.94,1.54
SKU-GRO-0056,Structure (Grocery),Grocery,2.4,3.82,2.67,False,2.34,37.14,1.59
SKU-GRO-0057,Class (Grocery),Grocery,1.66,2.58,1.58,False,2.34,35.64,1.55
SKU-GRO-0058,Machine (Grocery),Grocery,1.44,2.33,5.44,False,2.7,38.11,1.62
SKU-GRO-0059,Moment (Grocery),Grocery,1.51,2.4,8.83,False,1.81,36.87,1.58
SKU-GRO-0060,Easy (Grocery),Grocery,0.59,0.89,7.67,False,2.24,33.52,1.5
SKU-GRO-0061,Future (Grocery),Grocery,1.85,2.83,1.8,False,1.03,34.72,1.53
SKU-GRO-0062,Quality (Grocery),Grocery,1.07,1.7,4.23,False,1.87,37.05,1.59
SKU-GRO-0063,Than (Grocery),Grocery,2.29,3.55,5.38,False,2.57,35.58,1.55
SKU-GRO-0064,Country (Grocery),Grocery,1.17,1.87,8.69,False,2.9,37.24,1.59
SKU-GRO-0065,Read (Grocery),Grocery,0.62,1.02,5.18,False,1.52,38.99,1.64
SKU-GRO-0066,Success (Grocery),Grocery,1.31,2.16,5.18,False,1.66,39.28,1.65
SKU-GRO-0067,Almost (Grocery),Grocery,1.69,2.6,1.22,False,1.26,34.9,1.54
SKU-GRO-0068,Wife (Grocery),Grocery,0.58,0.89,1.82,False,2.28,34.33,1.52
SKU-GRO-0069,Strong (Grocery),Grocery,0.7,1.09,9.02,False,1.95,35.56,1.55
SKU-GRO-0070,Strong (Grocery),Grocery,1.77,2.7,2.33,False,1.08,34.46,1.53
SKU-GRO-0071,Second (Grocery),Grocery,0.67,1.04,2.18,False,1.18,35.14,1.54
SKU-GRO-0072,See (Grocery),Grocery,0.57,0.89,2.46,False,1.73,36.27,1.57
SKU-GRO-0073,Everybody (Grocery),Grocery,1.41,2.26,0.87,False,2.6,37.64,1.6
SKU-GRO-0074,Owner (Grocery),Grocery,1.68,2.54,8.8,False,2.84,33.87,1.51
SKU-GRO-0075,Herself (Grocery),Grocery,0.43,0.67,8.16,False,2.5,35.13,1.54
SKU-GRO-0076,Suffer (Grocery),Grocery,0.71,1.08,4.02,False,1.97,34.7,1.53
SKU-GRO-0077,Top (Grocery),Grocery,1.66,2.58,4.89,False,2.49,35.71,1.56
SKU-GRO-0078,When (Grocery),Grocery,0.38,0.59,7.28,False,2.79,34.97,1.54
SKU-GRO-0079,Send (Grocery),Grocery,1.43,2.25,1.52,False,1.89,36.7,1.58
SKU-GRO-0080,Rise (Grocery),Grocery,1.47,2.26,3.06,False,1.75,34.91,1.54
SKU-GRO-0081,Even (Grocery),Grocery,0.34,0.53,2.51,False,1.65,35.41,1.55
SKU-GRO-0082,Red (Grocery),Grocery,0.56,0.92,6.14,False,2.36,38.78,1.63
SKU-GRO-0083,Discover (Grocery),Grocery,2.04,3.21,1.33,False,2.07,36.5,1.57
SKU-GRO-0084,Tell (Grocery),Grocery,1.59,2.56,4.6,False,1.26,37.96,1.61
SKU-GRO-0085,Begin (Grocery),Grocery,0.92,1.44,6.64,False,2.14,35.67,1.55
SKU-GRO-0086,Employee (Grocery),Grocery,1.08,1.79,6.25,False,1.47,39.32,1.65
SKU-GRO-0087,Decision (Grocery),Grocery,0.52,0.8,2.84,False,1.32,34.34,1.52
SKU-GRO-0088,Little (Grocery),Grocery,0.71,1.1,2.15,False,2.79,35.18,1.54
SKU-GRO-0089,Shoulder (Grocery),Grocery,0.48,0.75,4.4,False,2.96,36.66,1.58
SKU-GRO-0090,Certain (Grocery),Grocery,0.55,0.85,9.71,False,2.73,35.88,1.56
SKU-GRO-0091,Future (Grocery),Grocery,2.1,3.23,2.12,False,2.34,35.01,1.54
SKU-GRO-0092,Picture (Grocery),Grocery,2.34,3.71,5.93,False,1.56,36.85,1.58
SKU-GRO-0093,Available (Grocery),Grocery,1.99,3.05,3.57,False,1.85,34.56,1.53
SKU-GRO-0094,Turn (Grocery),Grocery,1.42,2.18,1.59,False,2.22,34.91,1.54
SKU-GRO-0095,Budget (Grocery),Grocery,0.93,1.48,1.97,False,1.96,37.0,1.59
SKU-GRO-0096,Service (Grocery),Grocery,1.47,2.22,3.7,False,1.27,33.68,1.51
SKU-GRO-0097,Case (Grocery),Grocery,0.44,0.72,3.56,False,2.62,39.34,1.65
SKU-GRO-0098,Write (Grocery),Grocery,0.86,1.38,7.72,False,2.19,37.59,1.6
SKU-GRO-0099,West (Grocery),Grocery,1.34,2.09,3.81,False,2.86,35.97,1.56
SKU-GRO-0100,Situation (Grocery),Grocery,2.13,3.5,1.68,False,2.46,39.2,1.64
SKU-GRO-0101,Beautiful (Grocery),Grocery,2.36,3.61,1.13,False,2.48,34.52,1.53
SKU-GRO-0102,Away (Grocery),Grocery,1.56,2.54,1.83,False,2.59,38.51,1.63
SKU-GRO-0103,Movie (Grocery),Grocery,0.74,1.13,2.06,False,2.63,34.41,1.52
SKU-GRO-0104,Father (Grocery),Grocery,1.76,2.78,3.91,False,2.75,36.65,1.58
SKU-GRO-0105,Industry (Grocery),Grocery,1.16,1.89,4.67,False,1.75,38.37,1.62
SKU-GRO-0106,Face (Grocery),Grocery,1.32,2.04,7.6,False,2.01,35.28,1.55
SKU-GRO-0107,First (Grocery),Grocery,0.81,1.33,4.15,False,2.09,38.84,1.63
SKU-GRO-0108,Evening (Grocery),Grocery,2.29,3.66,1.61,False,2.88,37.25,1.59
SKU-GRO-0109,Television (Grocery),Grocery,1.68,2.61,1.82,False,2.59,35.49,1.55
SKU-GRO-0110,Too (Grocery),Grocery,1.66,2.63,8.99,False,2.58,36.71,1.58
SKU-FRO-0001,Frozen Vegetables (Frozen),Frozen,1.96,2.6,1.12,True,5.98,24.69,1.33
SKU-FRO-0002,Frozen Broccoli (Frozen),Frozen,1.6,2.23,2.41,True,6.51,28.19,1.39
SKU-FRO-0003,Frozen Peas (Frozen),Frozen,2.53,3.68,0.78,True,6.39,31.29,1.46
SKU-FRO-0004,Frozen Berries (Frozen),Frozen,1.88,2.54,2.49,True,3.6,25.89,1.35
SKU-FRO-0005,Frozen Chicken Breast (Frozen),Frozen,2.19,3.13,2.3,True,5.56,30.1,1.43
SKU-FRO-0006,Frozen Fish Fillet (Frozen),Frozen,3.58,4.96,1.13,True,4.38,27.83,1.39
SKU-FRO-0007,Frozen Shrimp (Frozen),Frozen,2.04,3.02,1.96,True,4.6,32.3,1.48
SKU-FRO-0008,Ice Cream (Frozen),Frozen,2.89,4.29,0.88,True,5.34,32.74,1.49
SKU-FRO-0009,Frozen Pizza (Frozen),Frozen,3.02,4.23,0.55,True,6.49,28.72,1.4
SKU-FRO-0010,Frozen Fries (Frozen),Frozen,4.3,5.98,2.24,True,6.69,28.12,1.39
SKU-FRO-0011,Course (Frozen),Frozen,3.62,4.67,1.94,True,5.43,22.37,1.29
SKU-FRO-0012,Value (Frozen),Frozen,2.77,3.98,2.84,True,6.7,30.27,1.43
SKU-FRO-0013,Why (Frozen),Frozen,2.85,3.65,2.96,True,6.36,21.77,1.28
SKU-FRO-0014,Structure (Frozen),Frozen,1.87,2.77,2.67,True,5.08,32.44,1.48
SKU-FRO-0015,Part (Frozen),Frozen,3.27,4.42,0.64,True,4.34,25.91,1.35
SKU-FRO-0016,Someone (Frozen),Frozen,3.91,4.89,1.33,True,4.59,20.07,1.25
SKU-FRO-0017,If (Frozen),Frozen,3.11,4.61,1.37,True,4.39,32.43,1.48
SKU-FRO-0018,Size (Frozen),Frozen,3.71,5.06,1.06,True,4.81,26.64,1.36
SKU-FRO-0019,Turn (Frozen),Frozen,1.92,2.49,1.75,True,4.68,22.73,1.29
SKU-FRO-0020,Summer (Frozen),Frozen,4.24,5.69,1.95,True,5.53,25.41,1.34
SKU-FRO-0021,Quality (Frozen),Frozen,1.54,2.18,0.95,True,6.84,29.37,1.42
SKU-FRO-0022,Recent (Frozen),Frozen,1.95,2.63,0.71,True,6.99,26.13,1.35
SKU-FRO-0023,Free (Frozen),Frozen,3.01,4.21,0.67,True,6.0,28.51,1.4
SKU-FRO-0024,According (Frozen),Frozen,2.13,3.14,1.01,True,3.76,32.18,1.47
SKU-FRO-0025,These (Frozen),Frozen,1.61,2.2,1.91,True,3.26,26.9,1.37
SKU-FRO-0026,Might (Frozen),Frozen,3.83,5.22,1.81,True,4.76,26.65,1.36
SKU-FRO-0027,Child (Frozen),Frozen,2.7,3.76,0.89,True,3.73,28.05,1.39
SKU-FRO-0028,Institution (Frozen),Frozen,4.09,6.07,1.43,True,4.08,32.73,1.49
SKU-FRO-0029,Method (Frozen),Frozen,3.43,4.64,0.56,True,3.62,26.05,1.35
SKU-FRO-0030,Ask (Frozen),Frozen,3.65,5.16,0.57,True,3.89,29.32,1.41
SKU-FRO-0031,Grow (Frozen),Frozen,2.19,3.11,0.55,True,3.42,29.48,1.42
SKU-FRO-0032,Parent (Frozen),Frozen,3.9,5.05,2.13,True,3.95,22.76,1.29
SKU-FRO-0033,Require (Frozen),Frozen,1.8,2.36,2.31,True,6.42,23.71,1.31
SKU-FRO-0034,Bad (Frozen),Frozen,3.99,5.38,2.17,True,3.82,25.89,1.35
SKU-FRO-0035,Economy (Frozen),Frozen,2.38,3.51,0.53,True,3.34,32.16,1.47
SKU-FRO-0036,Help (Frozen),Frozen,2.12,2.67,0.95,True,5.33,20.42,1.26
SKU-FRO-0037,Process (Frozen),Frozen,2.76,4.07,2.54,True,4.37,32.12,1.47
SKU-FRO-0038,Camera (Frozen),Frozen,2.28,3.06,1.98,True,4.07,25.65,1.34
SKU-FRO-0039,Forget (Frozen),Frozen,3.37,4.56,1.88,True,4.74,26.05,1.35
SKU-FRO-0040,Question (Frozen),Frozen,2.38,3.54,2.41,True,3.56,32.76,1.49
SKU-DET-0001,Dish Soap (DetergentsPaper),DetergentsPaper,2.67,4.93,1.8,False,0.42,45.84,1.85
SKU-DET-0002,Laundry Detergent (DetergentsPaper),DetergentsPaper,1.56,2.67,0.61,False,0.32,41.41,1.71
SKU-DET-0003,Paper Towels (DetergentsPaper),DetergentsPaper,2.08,3.7,0.36,False,0.43,43.74,1.78
SKU-DET-0004,Napkins (DetergentsPaper),DetergentsPaper,2.96,5.5,0.43,False,0.21,46.17,1.86
SKU-DET-0005,Toilet Paper (DetergentsPaper),DetergentsPaper,0.55,1.08,0.32,False,0.33,49.35,1.97
SKU-DET-0006,Trash Bags (DetergentsPaper),DetergentsPaper,1.19,2.21,1.34,False,0.43,46.42,1.87
SKU-DET-0007,Cleaning Spray (DetergentsPaper),DetergentsPaper,1.02,1.73,0.36,False,0.46,41.29,1.7
SKU-DET-0008,Bleach (DetergentsPaper),DetergentsPaper,2.68,5.05,1.24,False,0.37,46.79,1.88
SKU-DET-0009,Sponges (DetergentsPaper),DetergentsPaper,0.94,1.85,0.9,False,0.25,49.35,1.97
SKU-DET-0010,College (DetergentsPaper),DetergentsPaper,1.8,3.08,0.42,False,0.4,41.66,1.71
SKU-DET-0011,Red (DetergentsPaper),DetergentsPaper,0.71,1.33,0.57,False,0.26,46.84,1.88
SKU-DET-0012,Less (DetergentsPaper),DetergentsPaper,1.22,2.21,1.47,False,0.22,44.65,1.81
SKU-DET-0013,Sort (DetergentsPaper),DetergentsPaper,1.92,3.53,1.36,False,0.47,45.74,1.84
SKU-DET-0014,Cup (DetergentsPaper),DetergentsPaper,2.33,4.11,0.16,False,0.2,43.33,1.76
SKU-DET-0015,Really (DetergentsPaper),DetergentsPaper,1.99,3.41,1.04,False,0.34,41.71,1.72
SKU-DET-0016,Degree (DetergentsPaper),DetergentsPaper,1.34,2.58,0.3,False,0.13,48.22,1.93
SKU-DET-0017,Meeting (DetergentsPaper),DetergentsPaper,2.32,4.29,1.41,False,0.27,45.91,1.85
SKU-DET-0018,Fall (DetergentsPaper),DetergentsPaper,1.12,2.17,1.62,False,0.38,48.61,1.95
SKU-DET-0019,Coach (DetergentsPaper),DetergentsPaper,1.18,2.22,0.79,False,0.14,46.73,1.88
SKU-DET-0020,They (DetergentsPaper),DetergentsPaper,2.79,4.86,1.91,False,0.28,42.56,1.74
SKU-DET-0021,Strategy (DetergentsPaper),DetergentsPaper,0.96,1.79,1.76,False,0.39,46.31,1.86
SKU-DET-0022,Member (DetergentsPaper),DetergentsPaper,2.52,4.78,1.42,False,0.44,47.3,1.9
SKU-DET-0023,Respond (DetergentsPaper),DetergentsPaper,1.12,2.08,0.52,False,0.5,45.85,1.85
SKU-DET-0024,Water (DetergentsPaper),DetergentsPaper,2.86,4.9,1.44,False,0.47,41.58,1.71
SKU-DET-0025,Result (DetergentsPaper),DetergentsPaper,0.95,1.78,1.84,False,0.11,46.54,1.87
SKU-DEL-0001,Prosciutto (Delicatessen),Delicatessen,7.88,12.44,0.94,True,11.88,36.65,1.58
SKU-DEL-0002,Parma Ham (Delicatessen),Delicatessen,9.61,16.19,0.89,True,11.38,40.64,1.68
SKU-DEL-0003,Salami (Delicatessen),Delicatessen,5.23,9.93,0.23,True,10.39,47.29,1.9
SKU-DEL-0004,Serrano Ham (Delicatessen),Delicatessen,4.61,6.79,0.26,True,10.79,32.08,1.47
SKU-DEL-0005,Smoked Salmon (Delicatessen),Delicatessen,5.38,9.87,0.25,True,9.26,45.5,1.83
SKU-DEL-0006,Smoked Trout (Delicatessen),Delicatessen,6.78,12.7,0.46,True,10.5,46.65,1.87
SKU-DEL-0007,Aged Cheddar (Delicatessen),Delicatessen,9.2,16.28,0.39,True,8.1,43.49,1.77
SKU-DEL-0008,Brie (Delicatessen),Delicatessen,9.09,12.84,0.9,True,10.12,29.22,1.41
SKU-DEL-0009,Gouda (Delicatessen),Delicatessen,9.57,17.99,1.0,True,9.4,46.79,1.88
SKU-DEL-0010,Parmigiano (Delicatessen),Delicatessen,8.37,13.74,0.58,True,10.51,39.07,1.64
SKU-DEL-0011,Build (Delicatessen),Delicatessen,9.12,18.14,0.81,True,9.67,49.76,1.99
SKU-DEL-0012,Pull (Delicatessen),Delicatessen,5.95,10.96,0.39,True,8.44,45.73,1.84
SKU-DEL-0013,Week (Delicatessen),Delicatessen,5.48,8.62,0.44,True,8.93,36.4,1.57
SKU-DEL-0014,Gun (Delicatessen),Delicatessen,3.29,4.65,0.99,True,9.71,29.11,1.41
SKU-DEL-0015,Explain (Delicatessen),Delicatessen,5.69,10.29,0.37,True,11.8,44.68,1.81
SKU-DEL-0016,Yourself (Delicatessen),Delicatessen,8.5,12.36,0.53,True,11.52,31.21,1.45
SKU-DEL-0017,Enough (Delicatessen),Delicatessen,9.61,16.15,0.69,True,8.67,40.49,1.68
SKU-DEL-0018,For (Delicatessen),Delicatessen,9.94,15.29,0.95,True,10.6,35.02,1.54
SKU-DEL-0019,When (Delicatessen),Delicatessen,7.25,12.39,0.38,True,8.71,41.44,1.71
SKU-DEL-0020,Politics (Delicatessen),Delicatessen,4.54,6.87,0.82,True,9.4,33.86,1.51
