CustomerID,CustomerName,CustomerSegment,AnnualProfit_EUR,OrderCount,ExpectedLifetime_Years,AcquisitionCost_EUR,CLV_EUR,CLV_NPV_EUR,PaybackMultiple,CLVMargin_Pct,CLVSegment,RecommendedAction
CUST-001,"Rodriguez, Figueroa and Sanchez",Mid-Market,3001.17,16,6.0,2000,16007.02,16007.02,8.00351,88.89,A-Customer,INVEST & EXPAND
CUST-002,Doyle Ltd,Mid-Market,6352.96,16,6.0,2000,36117.76,36117.76,18.058880000000002,94.75,A-Customer,INVEST & EXPAND
CUST-003,"Mcclain, Miller and Henderson",Mid-Market,5173.57,12,6.0,2000,29041.42,29041.42,14.52071,93.56,A-Customer,INVEST & EXPAND
CUST-004,Davis and Sons,Mid-Market,-4685.3,36,6.0,2000,-30111.800000000003,-30111.800000000003,-15.055900000000001,107.11,C-Customer,EXIT IMMEDIATELY
CUST-005,"Guzman, Hoffman and Baldwin",Mid-Market,6916.52,12,6.0,2000,39499.12,39499.12,19.749560000000002,95.18,A-Customer,INVEST & EXPAND
CUST-006,"Gardner, Robinson and Lawrence",Mid-Market,3356.94,17,6.0,2000,18141.64,18141.64,9.07082,90.07,A-Customer,INVEST & EXPAND
CUST-007,Blake and Sons,Mid-Market,2384.67,18,6.0,2000,12308.02,12308.02,6.15401,86.02,A-Customer,INVEST & EXPAND
CUST-008,"Henderson, Ramirez and Lewis",Mid-Market,2982.34,16,6.0,2000,15894.04,15894.04,7.94702,88.82,A-Customer,INVEST & EXPAND
CUST-009,Garcia-James,SMB,-1876.49,39,2.5,300,-4991.225,-4991.225,-16.637416666666667,106.39,C-Customer,EXIT IMMEDIATELY
CUST-010,Abbott-Munoz,Mid-Market,10378.18,15,6.0,2000,60269.08,60269.08,30.13454,96.79,A-Customer,INVEST & EXPAND
CUST-011,Blair PLC,Mid-Market,7024.99,16,6.0,2000,40149.94,40149.94,20.07497,95.26,A-Customer,INVEST & EXPAND
CUST-012,Dudley Group,Mid-Market,1753.28,15,6.0,2000,8519.68,8519.68,4.2598400000000005,80.99,A-Customer,INVEST & EXPAND
CUST-013,Arnold Ltd,Enterprise,7491.66,16,12.0,10000,79899.92,79899.92,7.989992,88.88,A-Customer,INVEST & EXPAND
CUST-014,"Mcclure, Ward and Lee",Enterprise,5199.01,18,12.0,10000,52388.12,52388.12,5.238812,83.97,A-Customer,INVEST & EXPAND
CUST-015,Williams and Sons,Enterprise,10974.8,12,12.0,10000,121697.59999999998,121697.59999999998,12.169759999999998,92.41,A-Customer,INVEST & EXPAND
CUST-016,Galloway-Wyatt,SMB,-3577.97,38,2.5,300,-9244.925,-9244.925,-30.816416666666665,103.35,C-Customer,EXIT IMMEDIATELY
CUST-017,James Group,Mid-Market,3695.6400000000003,18,6.0,2000,20173.840000000004,20173.840000000004,10.086920000000003,90.98,A-Customer,INVEST & EXPAND
CUST-018,"Flowers, Martin and Kelly",Mid-Market,-4040.72,29,6.0,2000,-26244.32,-26244.32,-13.12216,108.25,C-Customer,EXIT IMMEDIATELY
CUST-019,"Adams, Zuniga and Wong",Mid-Market,6139.0599999999995,12,6.0,2000,34834.36,34834.36,17.417180000000002,94.57,A-Customer,INVEST & EXPAND
CUST-020,"Reid, Ferguson and Sanchez",Mid-Market,-2064.64,35,6.0,2000,-14387.84,-14387.84,-7.19392,116.14,C-Customer,EXIT IMMEDIATELY
CUST-021,Gray-Mayo,Mid-Market,3693.88,12,6.0,2000,20163.28,20163.28,10.08164,90.98,A-Customer,INVEST & EXPAND
CUST-022,"Watts, Robinson and Nguyen",SMB,-6257.19,51,2.5,300,-15942.974999999999,-15942.974999999999,-53.143249999999995,101.92,C-Customer,EXIT IMMEDIATELY
CUST-023,Perez Inc,Enterprise,-2434.1,48,12.0,10000,-39209.2,-39209.2,-3.9209199999999997,134.24,C-Customer,EXIT IMMEDIATELY
CUST-024,Morales-Jones,Enterprise,23360.69,16,12.0,10000,270328.27999999997,270328.27999999997,27.032828,96.43,A-Customer,INVEST & EXPAND
CUST-025,"Walter, Edwards and Rios",Enterprise,7834.5599999999995,12,12.0,10000,84014.72,84014.72,8.401472,89.36,A-Customer,INVEST & EXPAND
CUST-026,Wilkerson-Day,Mid-Market,4442.28,15,6.0,2000,24653.68,24653.68,12.32684,92.5,A-Customer,INVEST & EXPAND
CUST-027,Baker and Sons,SMB,-4163.54,37,2.5,300,-10708.85,-10708.85,-35.69616666666667,102.88,C-Customer,EXIT IMMEDIATELY
CUST-028,"Hoffman, Baker and Richards",SMB,-5967.68,40,2.5,300,-15219.2,-15219.2,-50.73066666666667,102.01,C-Customer,EXIT IMMEDIATELY
CUST-029,"Ross, Robinson and Bright",Enterprise,12360.460000000001,17,12.0,10000,138325.52000000002,138325.52000000002,13.832552000000002,93.26,A-Customer,INVEST & EXPAND
CUST-030,"Snyder, Campos and Callahan",Enterprise,-4861.58,38,12.0,10000,-68338.95999999999,-68338.95999999999,-6.833895999999999,117.14,C-Customer,EXIT IMMEDIATELY
CUST-031,Burton Ltd,Mid-Market,-6831.85,52,6.0,2000,-42991.100000000006,-42991.100000000006,-21.49555,104.88,C-Customer,EXIT IMMEDIATELY
CUST-032,Carlson-Cruz,SMB,-4359.82,45,2.5,300,-11199.55,-11199.55,-37.33183333333333,102.75,C-Customer,EXIT IMMEDIATELY
CUST-033,"Ferrell, Rice and Maddox",Mid-Market,-5045.84,38,6.0,2000,-32275.04,-32275.04,-16.137520000000002,106.61,C-Customer,EXIT IMMEDIATELY
CUST-034,Frazier Inc,Mid-Market,-1350.9699999999998,37,6.0,2000,-10105.82,-10105.82,-5.05291,124.67,C-Customer,EXIT IMMEDIATELY
CUST-035,"Dyer, Potter and Mack",SMB,-6421.0,49,2.5,300,-16352.5,-16352.5,-54.50833333333333,101.87,C-Customer,EXIT IMMEDIATELY
CUST-036,Rodriguez-Graham,Mid-Market,4939.21,13,6.0,2000,27635.260000000002,27635.260000000002,13.817630000000001,93.25,A-Customer,INVEST & EXPAND
CUST-037,Smith-Bowen,Mid-Market,-4818.81,50,6.0,2000,-30912.86,-30912.86,-15.456430000000001,106.92,C-Customer,EXIT IMMEDIATELY
CUST-038,"Baker, Mason and White",Mid-Market,9570.4,15,6.0,2000,55422.399999999994,55422.399999999994,27.711199999999998,96.52,A-Customer,INVEST & EXPAND
CUST-039,Harrell LLC,Mid-Market,7779.29,12,6.0,2000,44675.74,44675.74,22.33787,95.72,A-Customer,INVEST & EXPAND
CUST-040,"Romero, Gonzalez and Brooks",Enterprise,-3720.16,38,12.0,10000,-54641.92,-54641.92,-5.464192,122.4,C-Customer,EXIT IMMEDIATELY
CUST-041,Ryan PLC,Mid-Market,-3465.52,50,6.0,2000,-22793.12,-22793.12,-11.39656,109.62,C-Customer,EXIT IMMEDIATELY
CUST-042,George Group,Mid-Market,-3349.5600000000004,36,6.0,2000,-22097.36,-22097.36,-11.048680000000001,109.95,C-Customer,EXIT IMMEDIATELY
CUST-043,Rodriguez LLC,Mid-Market,9284.35,16,6.0,2000,53706.100000000006,53706.100000000006,26.853050000000003,96.41,A-Customer,INVEST & EXPAND
CUST-044,Allen-Allen,Mid-Market,12846.369999999999,15,6.0,2000,75078.22,75078.22,37.53911,97.41,A-Customer,INVEST & EXPAND
CUST-045,"Arroyo, Miller and Tucker",Mid-Market,6757.03,13,6.0,2000,38542.18,38542.18,19.27109,95.07,A-Customer,INVEST & EXPAND
CUST-046,Spence PLC,Enterprise,12725.02,15,12.0,10000,142700.24,142700.24,14.270024,93.45,A-Customer,INVEST & EXPAND
CUST-047,Anderson Group,Mid-Market,7730.85,14,6.0,2000,44385.100000000006,44385.100000000006,22.192550000000004,95.69,A-Customer,INVEST & EXPAND
CUST-048,"Martin, Rose and Obrien",Enterprise,38105.54,15,12.0,10000,447266.48,447266.48,44.726648,97.81,A-Customer,INVEST & EXPAND
CUST-049,Hickman Ltd,Mid-Market,5111.86,16,6.0,2000,28671.159999999996,28671.159999999996,14.335579999999998,93.48,A-Customer,INVEST & EXPAND
CUST-050,"Harris, Collins and Carney",Enterprise,17210.87,16,12.0,10000,196530.44,196530.44,19.653044,95.16,A-Customer,INVEST & EXPAND
CUST-051,"Brooks, Lam and Hayes",SMB,-4496.4400000000005,37,2.5,300,-11541.100000000002,-11541.100000000002,-38.47033333333334,102.67,C-Customer,EXIT IMMEDIATELY
CUST-052,Walker LLC,SMB,-3231.23,46,2.5,300,-8378.075,-8378.075,-27.92691666666667,103.71,C-Customer,EXIT IMMEDIATELY
CUST-053,Chapman and Sons,Enterprise,6962.4400000000005,16,12.0,10000,73549.28,73549.28,7.354928,88.03,A-Customer,INVEST & EXPAND
CUST-054,"Robinson, Jones and Welch",Mid-Market,6405.82,12,6.0,2000,36434.92,36434.92,18.21746,94.8,A-Customer,INVEST & EXPAND
CUST-055,Jones Inc,Mid-Market,-6557.8,31,6.0,2000,-41346.8,-41346.8,-20.6734,105.08,C-Customer,EXIT IMMEDIATELY
CUST-056,Jones-Young,SMB,-2500.17,37,2.5,300,-6550.425,-6550.425,-21.83475,104.8,C-Customer,EXIT IMMEDIATELY
CUST-057,"Washington, Ryan and Cummings",Enterprise,21909.31,12,12.0,10000,252911.72000000003,252911.72000000003,25.291172000000003,96.2,A-Customer,INVEST & EXPAND
CUST-058,"Johnston, Sanchez and Kennedy",Mid-Market,7058.97,12,6.0,2000,40353.82,40353.82,20.17691,95.28,A-Customer,INVEST & EXPAND
CUST-059,Lee-Davis,SMB,-6078.34,49,2.5,300,-15495.85,-15495.85,-51.652833333333334,101.97,C-Customer,EXIT IMMEDIATELY
CUST-060,Gomez-Jenkins,Mid-Market,-2406.07,35,6.0,2000,-16436.420000000002,-16436.420000000002,-8.218210000000001,113.85,C-Customer,EXIT IMMEDIATELY
CUST-061,"Brown, Valdez and Lucas",Mid-Market,4455.3099999999995,12,6.0,2000,24731.859999999997,24731.859999999997,12.365929999999999,92.52,A-Customer,INVEST & EXPAND
CUST-062,Powell LLC,Enterprise,34272.07,15,12.0,10000,401264.83999999997,401264.83999999997,40.126484,97.57,A-Customer,INVEST & EXPAND
CUST-063,Wright and Sons,Mid-Market,5731.66,12,6.0,2000,32389.96,32389.96,16.19498,94.18,A-Customer,INVEST & EXPAND
CUST-064,"West, Henderson and Ramirez",Mid-Market,11430.529999999999,13,6.0,2000,66583.18,66583.18,33.29159,97.08,A-Customer,INVEST & EXPAND
CUST-065,Baxter Inc,SMB,-3249.9,36,2.5,300,-8424.75,-8424.75,-28.0825,103.69,C-Customer,EXIT IMMEDIATELY
CUST-066,Morton-Chase,Enterprise,26532.21,12,12.0,10000,308386.52,308386.52,30.838652000000003,96.86,A-Customer,INVEST & EXPAND
CUST-067,Williams PLC,SMB,-3417.25,51,2.5,300,-8843.125,-8843.125,-29.477083333333333,103.51,C-Customer,EXIT IMMEDIATELY
CUST-068,Novak and Sons,Mid-Market,8700.3,16,6.0,2000,50201.799999999996,50201.799999999996,25.1009,96.17,A-Customer,INVEST & EXPAND
CUST-069,Russell Group,Mid-Market,-4505.05,49,6.0,2000,-29030.300000000003,-29030.300000000003,-14.515150000000002,107.4,C-Customer,EXIT IMMEDIATELY
CUST-070,Hancock Inc,SMB,-6503.82,47,2.5,300,-16559.55,-16559.55,-55.198499999999996,101.85,C-Customer,EXIT IMMEDIATELY
CUST-071,Gray Group,Mid-Market,-5230.599999999999,52,6.0,2000,-33383.6,-33383.6,-16.6918,106.37,C-Customer,EXIT IMMEDIATELY
CUST-072,House-Glover,Enterprise,2426.05,37,12.0,10000,19112.600000000002,19112.600000000002,1.9112600000000002,65.65,A-Customer,INVEST & EXPAND
CUST-073,Henderson-Bernard,Mid-Market,-1813.8400000000001,36,6.0,2000,-12883.04,-12883.04,-6.441520000000001,118.38,C-Customer,EXIT IMMEDIATELY
CUST-074,"Stanley, Tucker and Lee",Mid-Market,7263.72,15,6.0,2000,41582.32,41582.32,20.79116,95.41,A-Customer,INVEST & EXPAND
CUST-075,Novak PLC,Mid-Market,4030.2999999999997,16,6.0,2000,22181.8,22181.8,11.0909,91.73,A-Customer,INVEST & EXPAND
CUST-076,"Daniels, Adkins and Brown",Mid-Market,-8050.77,54,6.0,2000,-50304.62,-50304.62,-25.15231,104.14,C-Customer,EXIT IMMEDIATELY
CUST-077,"Woods, Calhoun and Schmidt",SMB,-130.91999999999993,37,2.5,300,-627.2999999999998,-627.2999999999998,-2.0909999999999993,191.66,C-Customer,RENEGOTIATE TERMS
CUST-078,Yu Inc,Enterprise,15351.66,16,12.0,10000,174219.91999999998,174219.91999999998,17.421992,94.57,A-Customer,INVEST & EXPAND
CUST-079,Jones Inc,SMB,-6917.51,49,2.5,300,-17593.775,-17593.775,-58.64591666666667,101.73,C-Customer,EXIT IMMEDIATELY
CUST-080,"Hensley, Powell and David",SMB,-2502.82,31,2.5,300,-6557.05,-6557.05,-21.856833333333334,104.79,C-Customer,EXIT IMMEDIATELY
CUST-081,"Sanchez, Wheeler and Harvey",SMB,-6182.18,48,2.5,300,-15755.45,-15755.45,-52.518166666666666,101.94,C-Customer,EXIT IMMEDIATELY
CUST-082,Sandoval-Cunningham,Mid-Market,4645.17,15,6.0,2000,25871.02,25871.02,12.93551,92.82,A-Customer,INVEST & EXPAND
CUST-083,Donovan-Harris,Mid-Market,5140.28,16,6.0,2000,28841.68,28841.68,14.42084,93.52,A-Customer,INVEST & EXPAND
CUST-084,"Edwards, Baker and Anderson",Mid-Market,-7576.13,44,6.0,2000,-47456.78,-47456.78,-23.72839,104.4,C-Customer,EXIT IMMEDIATELY
CUST-085,"Evans, Stewart and Walton",Mid-Market,4680.45,14,6.0,2000,26082.699999999997,26082.699999999997,13.041349999999998,92.88,A-Customer,INVEST & EXPAND
CUST-086,Smith PLC,Enterprise,50897.08,12,12.0,10000,600764.96,600764.96,60.076496,98.36,A-Customer,INVEST & EXPAND
CUST-087,"Ferrell, Jones and Lewis",Enterprise,36076.35,14,12.0,10000,422916.19999999995,422916.19999999995,42.291619999999995,97.69,A-Customer,INVEST & EXPAND
CUST-088,Anderson-Bailey,Enterprise,-3312.1499999999996,50,12.0,10000,-49745.799999999996,-49745.799999999996,-4.97458,125.16,C-Customer,EXIT IMMEDIATELY
CUST-089,Suarez LLC,Mid-Market,-3721.59,48,6.0,2000,-24329.54,-24329.54,-12.16477,108.96,C-Customer,EXIT IMMEDIATELY
CUST-090,Moore-Bass,Mid-Market,-661.4,34,6.0,2000,-5968.4,-5968.4,-2.9842,150.4,C-Customer,EXIT IMMEDIATELY
CUST-091,"Turner, Riggs and Roman",SMB,-6098.16,46,2.5,300,-15545.4,-15545.4,-51.818,101.97,C-Customer,EXIT IMMEDIATELY
CUST-092,"Smith, Montoya and Evans",Mid-Market,-3495.77,42,6.0,2000,-22974.62,-22974.62,-11.487309999999999,109.54,C-Customer,EXIT IMMEDIATELY
CUST-093,"Garcia, Humphrey and Baker",Enterprise,18369.37,12,12.0,10000,210432.44,210432.44,21.043244,95.46,A-Customer,INVEST & EXPAND
CUST-094,Newton and Sons,Enterprise,-280.41999999999996,47,12.0,10000,-13365.039999999999,-13365.039999999999,-1.336504,397.17,C-Customer,EXIT IMMEDIATELY
CUST-095,Campbell-Clark,Mid-Market,4981.820000000001,12,6.0,2000,27890.920000000006,27890.920000000006,13.945460000000002,93.31,A-Customer,INVEST & EXPAND
CUST-096,Harris-Walters,SMB,-3197.9,36,2.5,300,-8294.75,-8294.75,-27.649166666666666,103.75,C-Customer,EXIT IMMEDIATELY
CUST-097,Wagner-King,SMB,2385.2,16,2.5,300,5663.0,5663.0,18.876666666666665,94.97,A-Customer,INVEST & EXPAND
CUST-098,Davis Group,SMB,-6028.3,50,2.5,300,-15370.75,-15370.75,-51.23583333333333,101.99,C-Customer,EXIT IMMEDIATELY
CUST-099,Williams-Cook,SMB,-5708.08,47,2.5,300,-14570.2,-14570.2,-48.56733333333334,102.1,C-Customer,EXIT IMMEDIATELY
CUST-100,Walsh LLC,SMB,-3193.08,48,2.5,300,-8282.7,-8282.7,-27.609,103.76,C-Customer,EXIT IMMEDIATELY
CUST-101,Figueroa PLC,Mid-Market,6529.75,15,6.0,2000,37178.5,37178.5,18.58925,94.9,A-Customer,INVEST & EXPAND
CUST-102,"Patterson, Smith and Jones",Mid-Market,7426.4,12,6.0,2000,42558.399999999994,42558.399999999994,21.279199999999996,95.51,A-Customer,INVEST & EXPAND
CUST-103,"Mckee, Gardner and Davenport",Mid-Market,5310.04,12,6.0,2000,29860.239999999998,29860.239999999998,14.930119999999999,93.72,A-Customer,INVEST & EXPAND
CUST-104,"Tran, Jordan and Williams",Enterprise,-1635.92,46,12.0,10000,-29631.04,-29631.04,-2.963104,150.94,C-Customer,EXIT IMMEDIATELY
CUST-105,Nolan-Flynn,Mid-Market,-5252.14,52,6.0,2000,-33512.840000000004,-33512.840000000004,-16.756420000000002,106.35,C-Customer,EXIT IMMEDIATELY
CUST-106,Nolan and Sons,Mid-Market,-7090.2699999999995,48,6.0,2000,-44541.619999999995,-44541.619999999995,-22.270809999999997,104.7,C-Customer,EXIT IMMEDIATELY
CUST-107,"Wright, Garcia and Deleon",Mid-Market,5187.0,14,6.0,2000,29122.0,29122.0,14.561,93.57,A-Customer,INVEST & EXPAND
CUST-108,Dickson-Brady,Mid-Market,11649.029999999999,12,6.0,2000,67894.18,67894.18,33.947089999999996,97.14,A-Customer,INVEST & EXPAND
CUST-109,Hancock and Sons,Mid-Market,1923.28,17,6.0,2000,9539.68,9539.68,4.76984,82.67,A-Customer,INVEST & EXPAND
CUST-110,Johnson-Doyle,Mid-Market,12666.52,12,6.0,2000,73999.12,73999.12,36.999559999999995,97.37,A-Customer,INVEST & EXPAND
CUST-111,Patton-Jenkins,SMB,-5409.95,48,2.5,300,-13824.875,-13824.875,-46.08291666666667,102.22,C-Customer,EXIT IMMEDIATELY
CUST-112,"Shields, Cochran and Adams",Enterprise,9281.1,16,12.0,10000,101373.20000000001,101373.20000000001,10.13732,91.02,A-Customer,INVEST & EXPAND
CUST-113,"Rodriguez, Brennan and Garrison",Mid-Market,-2272.25,44,6.0,2000,-15633.5,-15633.5,-7.81675,114.67,C-Customer,EXIT IMMEDIATELY
CUST-114,Gonzalez Group,Mid-Market,-2830.3199999999997,33,6.0,2000,-18981.92,-18981.92,-9.49096,111.78,C-Customer,EXIT IMMEDIATELY
CUST-115,Torres-Pope,Mid-Market,-5939.91,41,6.0,2000,-37639.46,-37639.46,-18.81973,105.61,C-Customer,EXIT IMMEDIATELY
CUST-116,Walker Ltd,SMB,-2218.79,28,2.5,300,-5846.975,-5846.975,-19.48991666666667,105.41,C-Customer,EXIT IMMEDIATELY
CUST-117,Ross LLC,SMB,-4870.06,47,2.5,300,-12475.150000000001,-12475.150000000001,-41.58383333333334,102.46,C-Customer,EXIT IMMEDIATELY
CUST-118,Rasmussen LLC,SMB,-4142.33,51,2.5,300,-10655.825,-10655.825,-35.51941666666667,102.9,C-Customer,EXIT IMMEDIATELY
CUST-119,May-Ross,Mid-Market,-5543.26,36,6.0,2000,-35259.56,-35259.56,-17.62978,106.01,C-Customer,EXIT IMMEDIATELY
CUST-120,"Rivera, Johnson and Wiley",SMB,-3481.58,39,2.5,300,-9003.95,-9003.95,-30.01316666666667,103.45,C-Customer,EXIT IMMEDIATELY
CUST-121,White-Estes,Mid-Market,-5642.43,43,6.0,2000,-35854.58,-35854.58,-17.92729,105.91,C-Customer,EXIT IMMEDIATELY
CUST-122,Johnson-Carlson,SMB,-5260.67,42,2.5,300,-13451.675,-13451.675,-44.83891666666666,102.28,C-Customer,EXIT IMMEDIATELY
CUST-123,Chandler-Edwards,SMB,-6412.49,49,2.5,300,-16331.224999999999,-16331.224999999999,-54.437416666666664,101.87,C-Customer,EXIT IMMEDIATELY
CUST-124,"Joyce, Wilson and Lam",Mid-Market,2289.4399999999996,16,6.0,2000,11736.639999999998,11736.639999999998,5.868319999999999,85.44,A-Customer,INVEST & EXPAND
CUST-125,Scott Ltd,Mid-Market,-3767.58,33,6.0,2000,-24605.48,-24605.48,-12.30274,108.85,C-Customer,EXIT IMMEDIATELY
CUST-126,Smith-Frost,Enterprise,-4258.669999999999,33,12.0,10000,-61104.03999999999,-61104.03999999999,-6.110403999999999,119.57,C-Customer,EXIT IMMEDIATELY
CUST-127,"Mcdaniel, Bentley and Mclaughlin",Mid-Market,-4391.13,50,6.0,2000,-28346.78,-28346.78,-14.17339,107.59,C-Customer,EXIT IMMEDIATELY
CUST-128,Diaz Inc,Mid-Market,8661.09,14,6.0,2000,49966.54,49966.54,24.98327,96.15,A-Customer,INVEST & EXPAND
CUST-129,"Mccall, Hanson and Alvarado",SMB,-4171.68,38,2.5,300,-10729.2,-10729.2,-35.764,102.88,C-Customer,EXIT IMMEDIATELY
CUST-130,Cortez LLC,Mid-Market,-6008.36,50,6.0,2000,-38050.159999999996,-38050.159999999996,-19.02508,105.55,C-Customer,EXIT IMMEDIATELY
CUST-131,"Parker, Ortiz and Powell",SMB,-4751.99,42,2.5,300,-12179.974999999999,-12179.974999999999,-40.599916666666665,102.53,C-Customer,EXIT IMMEDIATELY
CUST-132,Spencer-Lee,SMB,-7034.93,46,2.5,300,-17887.325,-17887.325,-59.62441666666667,101.71,C-Customer,EXIT IMMEDIATELY
CUST-133,"Bentley, Byrd and Orr",Mid-Market,-8026.2300000000005,52,6.0,2000,-50157.380000000005,-50157.380000000005,-25.07869,104.15,C-Customer,EXIT IMMEDIATELY
CUST-134,"Carroll, Sullivan and Bass",SMB,-4837.87,36,2.5,300,-12394.675,-12394.675,-41.31558333333333,102.48,C-Customer,EXIT IMMEDIATELY
CUST-135,Mitchell-Jordan,SMB,-3667.11,33,2.5,300,-9467.775,-9467.775,-31.55925,103.27,C-Customer,EXIT IMMEDIATELY
CUST-136,"Lawson, Morris and Ramos",SMB,-6078.58,45,2.5,300,-15496.45,-15496.45,-51.654833333333336,101.97,C-Customer,EXIT IMMEDIATELY
CUST-137,"Lewis, Kennedy and Santana",Mid-Market,-3227.22,48,6.0,2000,-21363.32,-21363.32,-10.681659999999999,110.33,C-Customer,EXIT IMMEDIATELY
CUST-138,"Jackson, Miller and Robertson",Mid-Market,-2859.87,40,6.0,2000,-19159.22,-19159.22,-9.57961,111.66,C-Customer,EXIT IMMEDIATELY
CUST-139,"Harvey, Davis and Crane",Mid-Market,-6377.31,50,6.0,2000,-40263.86,-40263.86,-20.13193,105.23,C-Customer,EXIT IMMEDIATELY
CUST-140,Chambers and Sons,SMB,-2596.56,31,2.5,300,-6791.4,-6791.4,-22.637999999999998,104.62,C-Customer,EXIT IMMEDIATELY
CUST-141,Hernandez Inc,Mid-Market,-5346.85,36,6.0,2000,-34081.100000000006,-34081.100000000006,-17.040550000000003,106.23,C-Customer,EXIT IMMEDIATELY
CUST-142,Riggs PLC,Enterprise,-4475.87,32,12.0,10000,-63710.44,-63710.44,-6.371044,118.62,C-Customer,EXIT IMMEDIATELY
CUST-143,Gibson Ltd,Enterprise,-3517.2700000000004,41,12.0,10000,-52207.240000000005,-52207.240000000005,-5.220724000000001,123.69,C-Customer,EXIT IMMEDIATELY
CUST-144,"Lee, Horton and Snyder",Mid-Market,-5656.9,38,6.0,2000,-35941.399999999994,-35941.399999999994,-17.970699999999997,105.89,C-Customer,EXIT IMMEDIATELY
CUST-145,Hernandez Ltd,Mid-Market,-4266.73,35,6.0,2000,-27600.379999999997,-27600.379999999997,-13.800189999999999,107.81,C-Customer,EXIT IMMEDIATELY
CUST-146,Stafford Inc,Enterprise,19555.16,12,12.0,10000,224661.91999999998,224661.91999999998,22.466192,95.74,A-Customer,INVEST & EXPAND
CUST-147,Robinson-Brock,SMB,-4516.81,43,2.5,300,-11592.025000000001,-11592.025000000001,-38.64008333333334,102.66,C-Customer,EXIT IMMEDIATELY
CUST-148,"Holmes, Williams and Wright",SMB,-6181.94,52,2.5,300,-15754.849999999999,-15754.849999999999,-52.51616666666666,101.94,C-Customer,EXIT IMMEDIATELY
CUST-149,Bryant Group,SMB,-5366.97,46,2.5,300,-13717.425000000001,-13717.425000000001,-45.72475,102.24,C-Customer,EXIT IMMEDIATELY
CUST-150,"Schmidt, Hansen and Stewart",Mid-Market,-8675.210000000001,50,6.0,2000,-54051.26000000001,-54051.26000000001,-27.025630000000003,103.84,C-Customer,EXIT IMMEDIATELY
CUST-151,Salazar-Ball,Mid-Market,-6406.9400000000005,37,6.0,2000,-40441.64,-40441.64,-20.22082,105.2,C-Customer,EXIT IMMEDIATELY
CUST-152,"Simmons, Meadows and Griffin",SMB,-5630.32,42,2.5,300,-14375.8,-14375.8,-47.919333333333334,102.13,C-Customer,EXIT IMMEDIATELY
CUST-153,Manning Group,Mid-Market,-6762.12,50,6.0,2000,-42572.72,-42572.72,-21.286360000000002,104.93,C-Customer,EXIT IMMEDIATELY
CUST-154,Green-Wright,SMB,-2744.61,35,2.5,300,-7161.525000000001,-7161.525000000001,-23.871750000000002,104.37,C-Customer,EXIT IMMEDIATELY
CUST-155,"Ramirez, Strickland and Washington",SMB,-6626.88,44,2.5,300,-16867.2,-16867.2,-56.224000000000004,101.81,C-Customer,EXIT IMMEDIATELY
CUST-156,Hill Inc,Mid-Market,12186.19,12,6.0,2000,71117.14,71117.14,35.55857,97.26,A-Customer,INVEST & EXPAND
CUST-157,"Mitchell, Nelson and Flores",Mid-Market,7126.43,16,6.0,2000,40758.58,40758.58,20.37929,95.32,A-Customer,INVEST & EXPAND
CUST-158,"Miller, Hernandez and Reyes",Mid-Market,-4404.3099999999995,34,6.0,2000,-28425.859999999997,-28425.859999999997,-14.212929999999998,107.57,C-Customer,EXIT IMMEDIATELY
CUST-159,Mccarthy Inc,Mid-Market,3370.2,16,6.0,2000,18221.199999999997,18221.199999999997,9.110599999999998,90.11,A-Customer,INVEST & EXPAND
CUST-160,Russell-Daniels,Mid-Market,6586.29,17,6.0,2000,37517.74,37517.74,18.758869999999998,94.94,A-Customer,INVEST & EXPAND
CUST-161,Brown-Wall,Mid-Market,4253.5599999999995,16,6.0,2000,23521.359999999997,23521.359999999997,11.760679999999999,92.16,A-Customer,INVEST & EXPAND
CUST-162,Stein-Silva,SMB,-5102.91,36,2.5,300,-13057.275,-13057.275,-43.52425,102.35,C-Customer,EXIT IMMEDIATELY
CUST-163,"Smith, Gilmore and Johnston",Mid-Market,-6892.16,49,6.0,2000,-43352.96,-43352.96,-21.676479999999998,104.84,C-Customer,EXIT IMMEDIATELY
CUST-164,Smith-Bell,Enterprise,14263.130000000001,18,12.0,10000,161157.56,161157.56,16.115756,94.16,A-Customer,INVEST & EXPAND
CUST-165,Castaneda-Ashley,Mid-Market,4617.33,16,6.0,2000,25703.98,25703.98,12.851989999999999,92.78,A-Customer,INVEST & EXPAND
CUST-166,Medina-Navarro,Enterprise,10280.28,16,12.0,10000,113363.36000000002,113363.36000000002,11.336336000000001,91.89,A-Customer,INVEST & EXPAND
CUST-167,"Hurst, Freeman and Nelson",Mid-Market,3359.73,16,6.0,2000,18158.38,18158.38,9.07919,90.08,A-Customer,INVEST & EXPAND
CUST-168,Johnson-Rogers,SMB,-3603.5,37,2.5,300,-9308.75,-9308.75,-31.029166666666665,103.33,C-Customer,EXIT IMMEDIATELY
CUST-169,"Yates, Ramsey and Pittman",SMB,-6235.33,45,2.5,300,-15888.325,-15888.325,-52.961083333333335,101.92,C-Customer,EXIT IMMEDIATELY
CUST-170,Hooper PLC,SMB,-6431.84,52,2.5,300,-16379.6,-16379.6,-54.59866666666667,101.87,C-Customer,EXIT IMMEDIATELY
CUST-171,Meadows PLC,Mid-Market,5823.97,16,6.0,2000,32943.82,32943.82,16.47191,94.28,A-Customer,INVEST & EXPAND
CUST-172,"Alvarado, Miller and Patterson",Enterprise,15624.89,12,12.0,10000,177498.68,177498.68,17.749868,94.67,A-Customer,INVEST & EXPAND
CUST-173,White-Green,SMB,-1326.54,37,2.5,300,-3616.35,-3616.35,-12.054499999999999,109.05,C-Customer,EXIT IMMEDIATELY
CUST-174,Lewis-Murphy,Mid-Market,9880.95,17,6.0,2000,57285.700000000004,57285.700000000004,28.642850000000003,96.63,A-Customer,INVEST & EXPAND
CUST-175,Ramirez-Bean,SMB,-3986.92,50,2.5,300,-10267.3,-10267.3,-34.224333333333334,103.01,C-Customer,EXIT IMMEDIATELY
CUST-176,King-Miller,Mid-Market,5068.29,17,6.0,2000,28409.739999999998,28409.739999999998,14.20487,93.42,A-Customer,INVEST & EXPAND
CUST-177,Curry Inc,Enterprise,-6647.19,49,12.0,10000,-89766.28,-89766.28,-8.976628,112.54,C-Customer,EXIT IMMEDIATELY
CUST-178,Walker-Jones,Mid-Market,-4713.54,34,6.0,2000,-30281.239999999998,-30281.239999999998,-15.140619999999998,107.07,C-Customer,EXIT IMMEDIATELY
CUST-179,"Williams, Johnson and Wright",Mid-Market,-3124.23,39,6.0,2000,-20745.38,-20745.38,-10.37269,110.67,C-Customer,EXIT IMMEDIATELY
CUST-180,Howell and Sons,SMB,-3090.37,33,2.5,300,-8025.924999999999,-8025.924999999999,-26.753083333333333,103.88,C-Customer,EXIT IMMEDIATELY
CUST-181,Wells Inc,Mid-Market,-1858.65,34,6.0,2000,-13151.900000000001,-13151.900000000001,-6.575950000000001,117.93,C-Customer,EXIT IMMEDIATELY
CUST-182,"Gould, Marshall and Scott",Enterprise,3760.09,51,12.0,10000,35121.08,35121.08,3.512108,77.84,A-Customer,INVEST & EXPAND
CUST-183,Jackson-Lawson,Mid-Market,797.9599999999999,35,6.0,2000,2787.7599999999993,2787.7599999999993,1.3938799999999996,58.23,B-Customer,MAINTAIN & MONITOR
CUST-184,"Higgins, Strickland and Martin",Enterprise,12686.68,45,12.0,10000,142240.16,142240.16,14.224016,93.43,A-Customer,INVEST & EXPAND
CUST-185,Rodriguez-Johnson,SMB,-4740.0599999999995,47,2.5,300,-12150.149999999998,-12150.149999999998,-40.500499999999995,102.53,C-Customer,EXIT IMMEDIATELY
CUST-186,Johnston-Odonnell,SMB,-6230.91,51,2.5,300,-15877.275,-15877.275,-52.92425,101.93,C-Customer,EXIT IMMEDIATELY
CUST-187,Sanders-Espinoza,SMB,-5843.78,51,2.5,300,-14909.449999999999,-14909.449999999999,-49.698166666666665,102.05,C-Customer,EXIT IMMEDIATELY
CUST-188,Vargas Ltd,Mid-Market,143.1600000000001,39,6.0,2000,-1141.0399999999993,-1141.0399999999993,-0.5705199999999997,-132.84,C-Customer,EXIT IMMEDIATELY
CUST-189,Garcia LLC,Mid-Market,7826.89,17,6.0,2000,44961.340000000004,44961.340000000004,22.480670000000003,95.74,A-Customer,INVEST & EXPAND
CUST-190,"Burke, Martinez and Riggs",Mid-Market,5558.78,14,6.0,2000,31352.68,31352.68,15.67634,94.0,A-Customer,INVEST & EXPAND
CUST-191,Reed Group,Mid-Market,-5406.38,42,6.0,2000,-34438.28,-34438.28,-17.21914,106.17,C-Customer,EXIT IMMEDIATELY
CUST-192,"Wood, Hunter and Peterson",SMB,-7201.7,47,2.5,300,-18304.25,-18304.25,-61.01416666666667,101.67,C-Customer,EXIT IMMEDIATELY
CUST-193,Short-Garcia,SMB,-4665.5,45,2.5,300,-11963.75,-11963.75,-39.87916666666667,102.57,C-Customer,EXIT IMMEDIATELY
CUST-194,Reid-Poole,Mid-Market,7281.43,19,6.0,2000,41688.58,41688.58,20.84429,95.42,A-Customer,INVEST & EXPAND
CUST-195,"Hernandez, Thompson and Boyd",SMB,-6304.63,45,2.5,300,-16061.575,-16061.575,-53.538583333333335,101.9,C-Customer,EXIT IMMEDIATELY
CUST-196,"Nelson, Morton and Medina",Mid-Market,-3847.79,49,6.0,2000,-25086.739999999998,-25086.739999999998,-12.54337,108.66,C-Customer,EXIT IMMEDIATELY
CUST-197,Marshall-Petersen,Enterprise,-758.3099999999997,37,12.0,10000,-19099.719999999998,-19099.719999999998,-1.9099719999999998,209.89,C-Customer,EXIT IMMEDIATELY
CUST-198,"Adams, Christian and Rivas",Mid-Market,5004.4,16,6.0,2000,28026.399999999998,28026.399999999998,14.0132,93.34,A-Customer,INVEST & EXPAND
CUST-199,Ramirez Group,Mid-Market,-4688.62,43,6.0,2000,-30131.72,-30131.72,-15.06586,107.11,C-Customer,EXIT IMMEDIATELY
CUST-200,Christensen PLC,SMB,-4479.5199999999995,35,2.5,300,-11498.8,-11498.8,-38.32933333333333,102.68,C-Customer,EXIT IMMEDIATELY
CUST-201,"Barnett, Rogers and Snyder",Enterprise,15504.2,12,12.0,10000,176050.40000000002,176050.40000000002,17.605040000000002,94.63,A-Customer,INVEST & EXPAND
CUST-202,White-Lewis,Enterprise,13469.68,13,12.0,10000,151636.16,151636.16,15.163616000000001,93.81,A-Customer,INVEST & EXPAND
CUST-203,Peterson-Beard,Enterprise,-5894.5199999999995,49,12.0,10000,-80734.23999999999,-80734.23999999999,-8.073424,114.14,C-Customer,EXIT IMMEDIATELY
CUST-204,"Beard, Peters and Black",SMB,-5266.77,50,2.5,300,-13466.925000000001,-13466.925000000001,-44.88975000000001,102.28,C-Customer,EXIT IMMEDIATELY
CUST-205,Miller Ltd,SMB,-2562.87,33,2.5,300,-6707.174999999999,-6707.174999999999,-22.357249999999997,104.68,C-Customer,EXIT IMMEDIATELY
CUST-206,Freeman-Chang,Mid-Market,9791.12,16,6.0,2000,56746.72,56746.72,28.37336,96.6,A-Customer,INVEST & EXPAND
CUST-207,"Alvarez, Joseph and West",SMB,-4241.5,31,2.5,300,-10903.75,-10903.75,-36.34583333333333,102.83,C-Customer,EXIT IMMEDIATELY
CUST-208,Davis and Sons,Mid-Market,3052.59,16,6.0,2000,16315.54,16315.54,8.157770000000001,89.08,A-Customer,INVEST & EXPAND
CUST-209,Holt-Torres,SMB,-2453.77,47,2.5,300,-6434.425,-6434.425,-21.448083333333333,104.89,C-Customer,EXIT IMMEDIATELY
CUST-210,"Wood, Tran and Cooper",Mid-Market,9344.33,14,6.0,2000,54065.979999999996,54065.979999999996,27.032989999999998,96.43,A-Customer,INVEST & EXPAND
CUST-211,"Pierce, Bell and Chavez",Mid-Market,-1518.72,28,6.0,2000,-11112.32,-11112.32,-5.55616,121.95,C-Customer,EXIT IMMEDIATELY
CUST-212,King-Martinez,Enterprise,27940.76,18,12.0,10000,325289.12,325289.12,32.528912,97.02,A-Customer,INVEST & EXPAND
CUST-213,Stewart Ltd,SMB,-4182.49,37,2.5,300,-10756.224999999999,-10756.224999999999,-35.85408333333333,102.87,C-Customer,EXIT IMMEDIATELY
CUST-214,"Tapia, Vaughn and Lee",Mid-Market,51.34000000000006,29,6.0,2000,-1691.9599999999996,-1691.9599999999996,-0.8459799999999998,-549.27,C-Customer,EXIT IMMEDIATELY
CUST-215,"Washington, Hardy and Bray",Mid-Market,5415.3,17,6.0,2000,30491.800000000003,30491.800000000003,15.2459,93.84,A-Customer,INVEST & EXPAND
CUST-216,"Carlson, Hooper and Wall",Mid-Market,1924.16,42,6.0,2000,9544.960000000001,9544.960000000001,4.772480000000001,82.68,A-Customer,INVEST & EXPAND
CUST-217,Perez-White,Enterprise,15911.17,15,12.0,10000,180934.04,180934.04,18.093404,94.76,A-Customer,INVEST & EXPAND
CUST-218,Erickson and Sons,Mid-Market,-8547.8,48,6.0,2000,-53286.799999999996,-53286.799999999996,-26.643399999999996,103.9,C-Customer,EXIT IMMEDIATELY
CUST-219,Williams-Brown,Mid-Market,4585.610000000001,15,6.0,2000,25513.660000000003,25513.660000000003,12.756830000000003,92.73,A-Customer,INVEST & EXPAND
CUST-220,Terry-Martinez,SMB,-5423.78,45,2.5,300,-13859.449999999999,-13859.449999999999,-46.198166666666665,102.21,C-Customer,EXIT IMMEDIATELY
CUST-221,Garcia-Smith,SMB,-6261.47,45,2.5,300,-15953.675000000001,-15953.675000000001,-53.17891666666667,101.92,C-Customer,EXIT IMMEDIATELY
CUST-222,Harrison-Alexander,Mid-Market,-3352.89,48,6.0,2000,-22117.34,-22117.34,-11.05867,109.94,C-Customer,EXIT IMMEDIATELY
CUST-223,Sheppard LLC,SMB,-2552.71,36,2.5,300,-6681.775,-6681.775,-22.272583333333333,104.7,C-Customer,EXIT IMMEDIATELY
CUST-224,Wilson-Jones,SMB,2612.49,16,2.5,300,6231.224999999999,6231.224999999999,20.77075,95.41,A-Customer,INVEST & EXPAND
CUST-225,Jones-Soto,SMB,-5888.71,36,2.5,300,-15021.775,-15021.775,-50.072583333333334,102.04,C-Customer,EXIT IMMEDIATELY
CUST-226,Hernandez PLC,Mid-Market,-6925.73,46,6.0,2000,-43554.38,-43554.38,-21.777189999999997,104.81,C-Customer,EXIT IMMEDIATELY
CUST-227,Miller-Wright,Mid-Market,4524.59,16,6.0,2000,25147.54,25147.54,12.57377,92.63,A-Customer,INVEST & EXPAND
CUST-228,"Duran, Obrien and Gibbs",SMB,-4554.86,35,2.5,300,-11687.15,-11687.15,-38.957166666666666,102.63,C-Customer,EXIT IMMEDIATELY
CUST-229,Rowe Group,SMB,-3701.21,45,2.5,300,-9553.025,-9553.025,-31.843416666666666,103.24,C-Customer,EXIT IMMEDIATELY
CUST-230,Kerr-Evans,Mid-Market,-5170.55,51,6.0,2000,-33023.3,-33023.3,-16.511650000000003,106.45,C-Customer,EXIT IMMEDIATELY
CUST-231,"Branch, Torres and Oliver",Mid-Market,4575.74,15,6.0,2000,25454.44,25454.44,12.727219999999999,92.72,A-Customer,INVEST & EXPAND
CUST-232,"Choi, Garcia and Farmer",Mid-Market,-2861.55,33,6.0,2000,-19169.300000000003,-19169.300000000003,-9.584650000000002,111.65,C-Customer,EXIT IMMEDIATELY
CUST-233,"Clark, Guerrero and Moore",Mid-Market,-8520.71,46,6.0,2000,-53124.259999999995,-53124.259999999995,-26.562129999999996,103.91,C-Customer,EXIT IMMEDIATELY
CUST-234,Arnold and Sons,SMB,-5291.4,47,2.5,300,-13528.5,-13528.5,-45.095,102.27,C-Customer,EXIT IMMEDIATELY
CUST-235,Ortiz Ltd,Mid-Market,-5880.13,48,6.0,2000,-37280.78,-37280.78,-18.64039,105.67,C-Customer,EXIT IMMEDIATELY
CUST-236,"Harrison, Johnson and Roberts",SMB,-3852.23,42,2.5,300,-9930.575,-9930.575,-33.10191666666667,103.12,C-Customer,EXIT IMMEDIATELY
CUST-237,Warner-Gibson,SMB,-4006.5699999999997,42,2.5,300,-10316.425,-10316.425,-34.388083333333334,103.0,C-Customer,EXIT IMMEDIATELY
CUST-238,"Hall, Baker and Moody",Mid-Market,-6307.360000000001,43,6.0,2000,-39844.16,-39844.16,-19.92208,105.28,C-Customer,EXIT IMMEDIATELY
CUST-239,"Guerrero, Peck and Coleman",SMB,-6220.3099999999995,43,2.5,300,-15850.774999999998,-15850.774999999998,-52.83591666666666,101.93,C-Customer,EXIT IMMEDIATELY
CUST-240,"Walker, Hernandez and Baker",Enterprise,-6818.92,52,12.0,10000,-91827.04000000001,-91827.04000000001,-9.182704000000001,112.22,C-Customer,EXIT IMMEDIATELY
CUST-241,Jones and Sons,Mid-Market,43.950000000000216,37,6.0,2000,-1736.2999999999988,-1736.2999999999988,-0.8681499999999994,-658.44,C-Customer,EXIT IMMEDIATELY
CUST-242,Larson-Holloway,Mid-Market,-4414.82,36,6.0,2000,-28488.92,-28488.92,-14.244459999999998,107.55,C-Customer,EXIT IMMEDIATELY
CUST-243,Gonzales-Harrison,Mid-Market,-2834.35,30,6.0,2000,-19006.1,-19006.1,-9.50305,111.76,C-Customer,EXIT IMMEDIATELY
CUST-244,Lyons-Bender,Mid-Market,-4719.4,50,6.0,2000,-30316.399999999998,-30316.399999999998,-15.158199999999999,107.06,C-Customer,EXIT IMMEDIATELY
CUST-245,"Fernandez, Kim and George",Mid-Market,-3308.75,46,6.0,2000,-21852.5,-21852.5,-10.92625,110.07,C-Customer,EXIT IMMEDIATELY
CUST-246,Navarro-Munoz,Mid-Market,6917.99,16,6.0,2000,39507.94,39507.94,19.753970000000002,95.18,A-Customer,INVEST & EXPAND
CUST-247,Davis Ltd,SMB,-6466.84,35,2.5,300,-16467.1,-16467.1,-54.89033333333333,101.86,C-Customer,EXIT IMMEDIATELY
CUST-248,"Matthews, Smith and Hubbard",SMB,-5393.39,36,2.5,300,-13783.475,-13783.475,-45.94491666666667,102.22,C-Customer,EXIT IMMEDIATELY
CUST-249,Johnston-Hines,Mid-Market,-4994.34,37,6.0,2000,-31966.04,-31966.04,-15.98302,106.67,C-Customer,EXIT IMMEDIATELY
CUST-250,Ruiz Ltd,Mid-Market,-4166.99,36,6.0,2000,-27001.94,-27001.94,-13.500969999999999,108.0,C-Customer,EXIT IMMEDIATELY
CUST-251,Moon-White,SMB,-5780.97,47,2.5,300,-14752.425000000001,-14752.425000000001,-49.17475,102.08,C-Customer,EXIT IMMEDIATELY
CUST-252,"Graham, Olsen and Costa",Enterprise,25901.88,16,12.0,10000,300822.56,300822.56,30.082256,96.78,A-Customer,INVEST & EXPAND
CUST-253,Bailey-Cook,Mid-Market,-4136.84,41,6.0,2000,-26821.04,-26821.04,-13.41052,108.06,C-Customer,EXIT IMMEDIATELY
CUST-254,"Garcia, Martin and Jenkins",Enterprise,-7348.04,50,12.0,10000,-98176.48,-98176.48,-9.817648,111.34,C-Customer,EXIT IMMEDIATELY
CUST-255,Roberts-Landry,Mid-Market,-474.35,42,6.0,2000,-4846.1,-4846.1,-2.4230500000000004,170.27,C-Customer,EXIT IMMEDIATELY
CUST-256,"Johnson, Miller and King",Mid-Market,-6225.82,44,6.0,2000,-39354.92,-39354.92,-19.67746,105.35,C-Customer,EXIT IMMEDIATELY
CUST-257,Cordova Group,Mid-Market,-4902.16,47,6.0,2000,-31412.96,-31412.96,-15.706479999999999,106.8,C-Customer,EXIT IMMEDIATELY
CUST-258,"Bryan, Smith and Booth",Mid-Market,-2783.89,41,6.0,2000,-18703.34,-18703.34,-9.35167,111.97,C-Customer,EXIT IMMEDIATELY
CUST-259,Gutierrez-Lopez,Enterprise,-2515.7200000000003,50,12.0,10000,-40188.64,-40188.64,-4.018864,133.13,C-Customer,EXIT IMMEDIATELY
CUST-260,Dean-Jimenez,Enterprise,-4873.0199999999995,48,12.0,10000,-68476.23999999999,-68476.23999999999,-6.847623999999999,117.1,C-Customer,EXIT IMMEDIATELY
CUST-261,Wolf-Harris,SMB,-4445.08,46,2.5,300,-11412.7,-11412.7,-38.04233333333334,102.7,C-Customer,EXIT IMMEDIATELY
CUST-262,"Anderson, Roberts and Gilmore",SMB,-2412.35,34,2.5,300,-6330.875,-6330.875,-21.102916666666665,104.97,C-Customer,EXIT IMMEDIATELY
CUST-263,Martinez-Dudley,Mid-Market,-8769.05,49,6.0,2000,-54614.299999999996,-54614.299999999996,-27.307149999999996,103.8,C-Customer,EXIT IMMEDIATELY
CUST-264,"Lloyd, Mckinney and Collins",SMB,-1615.52,39,2.5,300,-4338.8,-4338.8,-14.462666666666667,107.43,C-Customer,EXIT IMMEDIATELY
CUST-265,Tran Inc,Mid-Market,6789.79,12,6.0,2000,38738.74,38738.74,19.36937,95.09,A-Customer,INVEST & EXPAND
CUST-266,Gay Inc,Enterprise,3986.8,37,12.0,10000,37841.600000000006,37841.600000000006,3.7841600000000004,79.1,A-Customer,INVEST & EXPAND
CUST-267,Valentine-Holland,Mid-Market,10398.08,16,6.0,2000,60388.479999999996,60388.479999999996,30.194239999999997,96.79,A-Customer,INVEST & EXPAND
CUST-268,Jimenez Ltd,Mid-Market,-5472.09,36,6.0,2000,-34832.54,-34832.54,-17.41627,106.09,C-Customer,EXIT IMMEDIATELY
CUST-269,Hicks-Hill,Mid-Market,10584.52,12,6.0,2000,61507.12,61507.12,30.75356,96.85,A-Customer,INVEST & EXPAND
CUST-270,Baird-Sanchez,SMB,-4706.9,45,2.5,300,-12067.25,-12067.25,-40.22416666666667,102.55,C-Customer,EXIT IMMEDIATELY
CUST-271,"Thomas, Lee and Greene",SMB,-3047.6,34,2.5,300,-7919.0,-7919.0,-26.39666666666667,103.94,C-Customer,EXIT IMMEDIATELY
CUST-272,"Suarez, Shields and Hill",SMB,-3583.36,37,2.5,300,-9258.4,-9258.4,-30.86133333333333,103.35,C-Customer,EXIT IMMEDIATELY
CUST-273,Morgan-French,SMB,-2775.35,40,2.5,300,-7238.375,-7238.375,-24.127916666666668,104.32,C-Customer,EXIT IMMEDIATELY
CUST-274,Hoover-Campbell,Mid-Market,-5203.98,32,6.0,2000,-33223.88,-33223.88,-16.611939999999997,106.41,C-Customer,EXIT IMMEDIATELY
CUST-275,Monroe-Carpenter,SMB,-3759.84,38,2.5,300,-9699.6,-9699.6,-32.332,103.19,C-Customer,EXIT IMMEDIATELY
CUST-276,"Burns, Hernandez and Ryan",SMB,-5752.82,38,2.5,300,-14682.05,-14682.05,-48.94016666666666,102.09,C-Customer,EXIT IMMEDIATELY
CUST-277,Cook-Hines,Mid-Market,-2651.07,50,6.0,2000,-17906.420000000002,-17906.420000000002,-8.95321,112.57,C-Customer,EXIT IMMEDIATELY
CUST-278,Gibson-Morris,Mid-Market,-1011.5899999999999,32,6.0,2000,-8069.539999999999,-8069.539999999999,-4.03477,132.95,C-Customer,EXIT IMMEDIATELY
CUST-279,Pollard and Sons,Mid-Market,-2457.12,33,6.0,2000,-16742.72,-16742.72,-8.371360000000001,113.57,C-Customer,EXIT IMMEDIATELY
CUST-280,"Reyes, Chase and Jenkins",Mid-Market,6423.32,16,6.0,2000,36539.92,36539.92,18.269959999999998,94.81,A-Customer,INVEST & EXPAND
CUST-281,Garner-Thornton,SMB,-2548.19,34,2.5,300,-6670.475,-6670.475,-22.234916666666667,104.71,C-Customer,EXIT IMMEDIATELY
CUST-282,Hughes-Alvarado,Mid-Market,4496.3,16,6.0,2000,24977.800000000003,24977.800000000003,12.488900000000001,92.59,A-Customer,INVEST & EXPAND
CUST-283,"Pollard, Simpson and Johnson",Enterprise,-2371.4,32,12.0,10000,-38456.8,-38456.8,-3.84568,135.14,C-Customer,EXIT IMMEDIATELY
CUST-284,"Sanford, Rivera and Garcia",Mid-Market,-1602.59,42,6.0,2000,-11615.539999999999,-11615.539999999999,-5.80777,120.8,C-Customer,EXIT IMMEDIATELY
CUST-285,Garcia-Lozano,Enterprise,6509.2699999999995,37,12.0,10000,68111.23999999999,68111.23999999999,6.8111239999999995,87.2,A-Customer,INVEST & EXPAND
CUST-286,Bowen Group,Mid-Market,-5097.67,38,6.0,2000,-32586.02,-32586.02,-16.29301,106.54,C-Customer,EXIT IMMEDIATELY
CUST-287,"Booker, Jones and Harrington",SMB,-4378.32,38,2.5,300,-11245.8,-11245.8,-37.486,102.74,C-Customer,EXIT IMMEDIATELY
CUST-288,Morgan-Schwartz,Mid-Market,-2719.73,38,6.0,2000,-18318.38,-18318.38,-9.15919,112.26,C-Customer,EXIT IMMEDIATELY
CUST-289,"Miller, Murphy and Craig",SMB,-3145.72,33,2.5,300,-8164.299999999999,-8164.299999999999,-27.214333333333332,103.81,C-Customer,EXIT IMMEDIATELY
CUST-290,"James, Stewart and Higgins",Mid-Market,-8416.97,37,6.0,2000,-52501.81999999999,-52501.81999999999,-26.250909999999998,103.96,C-Customer,EXIT IMMEDIATELY
CUST-291,Brennan-Johnson,SMB,-3283.7400000000002,32,2.5,300,-8509.35,-8509.35,-28.3645,103.65,C-Customer,EXIT IMMEDIATELY
CUST-292,Young Ltd,SMB,-3482.19,36,2.5,300,-9005.475,-9005.475,-30.018250000000002,103.45,C-Customer,EXIT IMMEDIATELY
CUST-293,Bright-Francis,SMB,-1690.46,37,2.5,300,-4526.15,-4526.15,-15.087166666666665,107.1,C-Customer,EXIT IMMEDIATELY
CUST-294,Good-Hodges,Mid-Market,4788.87,17,6.0,2000,26733.22,26733.22,13.366610000000001,93.04,A-Customer,INVEST & EXPAND
CUST-295,"Brennan, Wallace and Benson",Mid-Market,-6122.25,47,6.0,2000,-38733.5,-38733.5,-19.36675,105.44,C-Customer,EXIT IMMEDIATELY
CUST-296,Williams Inc,SMB,1553.88,12,2.5,300,3584.7000000000003,3584.7000000000003,11.949000000000002,92.28,B-Customer,MAINTAIN & MONITOR
CUST-297,Howard-Jordan,Mid-Market,-6197.25,46,6.0,2000,-39183.5,-39183.5,-19.59175,105.38,C-Customer,EXIT IMMEDIATELY
CUST-298,Schmidt PLC,Mid-Market,3611.83,16,6.0,2000,19670.98,19670.98,9.83549,90.77,A-Customer,INVEST & EXPAND
CUST-299,"Sparks, Jackson and Miller",Mid-Market,3230.0899999999997,12,6.0,2000,17380.539999999997,17380.539999999997,8.690269999999998,89.68,A-Customer,INVEST & EXPAND
CUST-300,Harvey-Allen,SMB,-4980.5,44,2.5,300,-12751.25,-12751.25,-42.50416666666667,102.41,C-Customer,EXIT IMMEDIATELY
CUST-301,"Thomas, Murray and King",Mid-Market,1737.71,16,6.0,2000,8426.26,8426.26,4.2131300000000005,80.82,A-Customer,INVEST & EXPAND
CUST-302,Estrada-Nolan,Mid-Market,14186.38,12,6.0,2000,83118.28,83118.28,41.55914,97.65,A-Customer,INVEST & EXPAND
CUST-303,Santana-Byrd,Mid-Market,5239.39,12,6.0,2000,29436.340000000004,29436.340000000004,14.718170000000002,93.64,A-Customer,INVEST & EXPAND
CUST-304,Jones LLC,Mid-Market,5299.14,15,6.0,2000,29794.840000000004,29794.840000000004,14.897420000000002,93.71,A-Customer,INVEST & EXPAND
CUST-305,"Evans, Hayden and Vaughn",Mid-Market,9997.59,17,6.0,2000,57985.54,57985.54,28.99277,96.67,A-Customer,INVEST & EXPAND
CUST-306,Bruce-Gonzalez,Mid-Market,5507.63,12,6.0,2000,31045.78,31045.78,15.52289,93.95,A-Customer,INVEST & EXPAND
CUST-307,Castaneda-Rodriguez,Enterprise,10167.02,12,12.0,10000,112004.24,112004.24,11.200424,91.8,A-Customer,INVEST & EXPAND
CUST-308,Armstrong-Andrews,Mid-Market,-5429.05,37,6.0,2000,-34574.3,-34574.3,-17.28715,106.14,C-Customer,EXIT IMMEDIATELY
CUST-309,"Phillips, Spence and Barrett",SMB,-5516.41,41,2.5,300,-14091.025,-14091.025,-46.970083333333335,102.18,C-Customer,EXIT IMMEDIATELY
CUST-310,Smith-Grimes,Mid-Market,10321.27,16,6.0,2000,59927.62,59927.62,29.963810000000002,96.77,A-Customer,INVEST & EXPAND
CUST-311,"Beltran, Lozano and Mcgee",Mid-Market,-844.53,31,6.0,2000,-7067.18,-7067.18,-3.5335900000000002,139.47,C-Customer,EXIT IMMEDIATELY
CUST-312,Parsons-Hall,Mid-Market,-2367.42,35,6.0,2000,-16204.52,-16204.52,-8.10226,114.08,C-Customer,EXIT IMMEDIATELY
CUST-313,Robinson-Lee,Mid-Market,12195.91,16,6.0,2000,71175.45999999999,71175.45999999999,35.58772999999999,97.27,A-Customer,INVEST & EXPAND
CUST-314,Byrd-Le,SMB,-3551.05,36,2.5,300,-9177.625,-9177.625,-30.592083333333335,103.38,C-Customer,EXIT IMMEDIATELY
CUST-315,"Becker, Taylor and Davis",Mid-Market,-3938.57,41,6.0,2000,-25631.420000000002,-25631.420000000002,-12.815710000000001,108.46,C-Customer,EXIT IMMEDIATELY
CUST-316,"Lucas, Parker and Alexander",Mid-Market,4160.93,17,6.0,2000,22965.58,22965.58,11.482790000000001,91.99,A-Customer,INVEST & EXPAND
CUST-317,"Diaz, Anderson and Browning",SMB,-5958.78,46,2.5,300,-15196.949999999999,-15196.949999999999,-50.656499999999994,102.01,C-Customer,EXIT IMMEDIATELY
CUST-318,Burgess-Thompson,SMB,-5776.03,52,2.5,300,-14740.074999999999,-14740.074999999999,-49.13358333333333,102.08,C-Customer,EXIT IMMEDIATELY
CUST-319,Buchanan LLC,Mid-Market,-6480.31,47,6.0,2000,-40881.86,-40881.86,-20.44093,105.14,C-Customer,EXIT IMMEDIATELY
CUST-320,"Shaw, Nelson and Martin",Enterprise,16128.34,12,12.0,10000,183540.08000000002,183540.08000000002,18.354008,94.83,A-Customer,INVEST & EXPAND
CUST-321,Coffey-Phillips,SMB,-4270.19,37,2.5,300,-10975.474999999999,-10975.474999999999,-36.584916666666665,102.81,C-Customer,EXIT IMMEDIATELY
CUST-322,Brock-Mcdonald,Mid-Market,-7261.36,52,6.0,2000,-45568.159999999996,-45568.159999999996,-22.78408,104.59,C-Customer,EXIT IMMEDIATELY
CUST-323,Taylor and Sons,Mid-Market,-5021.59,38,6.0,2000,-32129.54,-32129.54,-16.06477,106.64,C-Customer,EXIT IMMEDIATELY
CUST-324,"Ramsey, Whitney and Coffey",Mid-Market,-2642.82,36,6.0,2000,-17856.920000000002,-17856.920000000002,-8.928460000000001,112.61,C-Customer,EXIT IMMEDIATELY
CUST-325,"Diaz, Gibbs and Smith",Mid-Market,-5057.389999999999,38,6.0,2000,-32344.339999999997,-32344.339999999997,-16.172169999999998,106.59,C-Customer,EXIT IMMEDIATELY
CUST-326,"Martinez, Richardson and Curry",Enterprise,15390.45,39,12.0,10000,174685.40000000002,174685.40000000002,17.46854,94.59,A-Customer,INVEST & EXPAND
CUST-327,Richards-Carson,SMB,-3083.91,32,2.5,300,-8009.775,-8009.775,-26.69925,103.89,C-Customer,EXIT IMMEDIATELY
CUST-328,Rodriguez-Hall,SMB,-4625.79,36,2.5,300,-11864.475,-11864.475,-39.54825,102.59,C-Customer,EXIT IMMEDIATELY
CUST-329,Harvey PLC,Mid-Market,-1583.3899999999999,35,6.0,2000,-11500.34,-11500.34,-5.75017,121.05,C-Customer,EXIT IMMEDIATELY
CUST-330,Herman-Walker,SMB,-1630.0900000000001,38,2.5,300,-4375.225,-4375.225,-14.584083333333334,107.36,C-Customer,EXIT IMMEDIATELY
CUST-331,Reid Group,Mid-Market,-6092.0599999999995,53,6.0,2000,-38552.36,-38552.36,-19.27618,105.47,C-Customer,EXIT IMMEDIATELY
CUST-332,"Turner, Ortiz and Taylor",Enterprise,14255.17,15,12.0,10000,161062.04,161062.04,16.106204,94.15,A-Customer,INVEST & EXPAND
CUST-333,Torres Group,Mid-Market,-7362.53,52,6.0,2000,-46175.18,-46175.18,-23.08759,104.53,C-Customer,EXIT IMMEDIATELY
CUST-334,Davis PLC,Enterprise,30603.94,15,12.0,10000,357247.27999999997,357247.27999999997,35.724728,97.28,A-Customer,INVEST & EXPAND
CUST-335,Price LLC,Mid-Market,4772.17,15,6.0,2000,26633.02,26633.02,13.316510000000001,93.02,A-Customer,INVEST & EXPAND
CUST-336,"Avery, Horton and Fernandez",Enterprise,1916.2400000000002,12,12.0,10000,12994.880000000005,12994.880000000005,1.2994880000000004,56.51,A-Customer,INVEST & EXPAND
CUST-337,"Newton, Moore and Perry",SMB,-6795.5,49,2.5,300,-17288.75,-17288.75,-57.62916666666667,101.77,C-Customer,EXIT IMMEDIATELY
CUST-338,Bass PLC,Mid-Market,-6344.57,45,6.0,2000,-40067.42,-40067.42,-20.03371,105.25,C-Customer,EXIT IMMEDIATELY
CUST-339,Crosby-Ramirez,Mid-Market,-2268.22,50,6.0,2000,-15609.32,-15609.32,-7.80466,114.7,C-Customer,EXIT IMMEDIATELY
CUST-340,"Wood, Ramos and Sampson",Mid-Market,-828.92,31,6.0,2000,-6973.5199999999995,-6973.5199999999995,-3.48676,140.21,C-Customer,EXIT IMMEDIATELY
CUST-341,Garcia-Jennings,Mid-Market,5006.46,12,6.0,2000,28038.760000000002,28038.760000000002,14.019380000000002,93.34,A-Customer,INVEST & EXPAND
CUST-342,"Winters, Newman and Brown",Mid-Market,6257.68,12,6.0,2000,35546.08,35546.08,17.77304,94.67,A-Customer,INVEST & EXPAND
CUST-343,Lopez-Martinez,SMB,-734.04,37,2.5,300,-2135.1,-2135.1,-7.117,116.35,C-Customer,EXIT IMMEDIATELY
CUST-344,Davis-Lewis,Enterprise,13290.49,15,12.0,10000,149485.88,149485.88,14.948588,93.73,A-Customer,INVEST & EXPAND
CUST-345,"Harper, Smith and Buchanan",SMB,-5893.24,48,2.5,300,-15033.099999999999,-15033.099999999999,-50.11033333333333,102.04,C-Customer,EXIT IMMEDIATELY
CUST-346,Zhang PLC,SMB,-2164.31,40,2.5,300,-5710.775,-5710.775,-19.035916666666665,105.54,C-Customer,EXIT IMMEDIATELY
CUST-347,Jones PLC,Mid-Market,6299.4400000000005,15,6.0,2000,35796.64,35796.64,17.89832,94.71,A-Customer,INVEST & EXPAND
CUST-348,Willis and Sons,Enterprise,8958.13,16,12.0,10000,97497.56,97497.56,9.749756,90.7,A-Customer,INVEST & EXPAND
CUST-349,Schroeder-Kramer,SMB,-2528.35,32,2.5,300,-6620.875,-6620.875,-22.069583333333334,104.75,C-Customer,EXIT IMMEDIATELY
CUST-350,"Smith, Garrison and Thomas",Enterprise,11370.81,12,12.0,10000,126449.72,126449.72,12.644972000000001,92.67,A-Customer,INVEST & EXPAND
CUST-351,Fernandez and Sons,SMB,-3992.37,32,2.5,300,-10280.925,-10280.925,-34.269749999999995,103.01,C-Customer,EXIT IMMEDIATELY
CUST-352,Guerrero Inc,Enterprise,13063.12,12,12.0,10000,146757.44,146757.44,14.675744,93.62,A-Customer,INVEST & EXPAND
CUST-353,Smith and Sons,SMB,-5230.18,40,2.5,300,-13375.45,-13375.45,-44.584833333333336,102.29,C-Customer,EXIT IMMEDIATELY
CUST-354,"Morris, Thompson and Williams",Mid-Market,8544.61,12,6.0,2000,49267.66,49267.66,24.633830000000003,96.1,A-Customer,INVEST & EXPAND
CUST-355,"Fisher, Wilson and Brown",Mid-Market,-3751.43,36,6.0,2000,-24508.579999999998,-24508.579999999998,-12.25429,108.89,C-Customer,EXIT IMMEDIATELY
CUST-356,Strickland-Palmer,SMB,-4487.05,39,2.5,300,-11517.625,-11517.625,-38.39208333333333,102.67,C-Customer,EXIT IMMEDIATELY
CUST-357,Hayes and Sons,Mid-Market,-8407.72,50,6.0,2000,-52446.31999999999,-52446.31999999999,-26.223159999999996,103.96,C-Customer,EXIT IMMEDIATELY
CUST-358,"Williams, Logan and Camacho",Mid-Market,5643.66,12,6.0,2000,31861.96,31861.96,15.93098,94.09,A-Customer,INVEST & EXPAND
CUST-359,"Turner, Schneider and Johnson",Mid-Market,-2907.15,46,6.0,2000,-19442.9,-19442.9,-9.72145,111.47,C-Customer,EXIT IMMEDIATELY
CUST-360,Boone-Simmons,SMB,-3765.2,37,2.5,300,-9713.0,-9713.0,-32.376666666666665,103.19,C-Customer,EXIT IMMEDIATELY
CUST-361,Henry Group,Mid-Market,-8359.04,51,6.0,2000,-52154.240000000005,-52154.240000000005,-26.077120000000004,103.99,C-Customer,EXIT IMMEDIATELY
CUST-362,Lam LLC,SMB,-4164.5,32,2.5,300,-10711.25,-10711.25,-35.704166666666666,102.88,C-Customer,EXIT IMMEDIATELY
CUST-363,"Hernandez, Martinez and Weber",SMB,-4858.89,41,2.5,300,-12447.225,-12447.225,-41.49075,102.47,C-Customer,EXIT IMMEDIATELY
CUST-364,"Kelley, Nguyen and Vang",SMB,-5055.72,49,2.5,300,-12939.300000000001,-12939.300000000001,-43.131,102.37,C-Customer,EXIT IMMEDIATELY
CUST-365,"Phillips, Wagner and Jordan",SMB,-7038.33,53,2.5,300,-17895.825,-17895.825,-59.652750000000005,101.7,C-Customer,EXIT IMMEDIATELY
CUST-366,"Wilson, Pena and Rich",Mid-Market,3326.73,14,6.0,2000,17960.38,17960.38,8.98019,89.98,A-Customer,INVEST & EXPAND
CUST-367,"Le, Lewis and Hayes",SMB,-3980.04,35,2.5,300,-10250.1,-10250.1,-34.167,103.02,C-Customer,EXIT IMMEDIATELY
CUST-368,Gutierrez Group,SMB,-3987.18,36,2.5,300,-10267.949999999999,-10267.949999999999,-34.226499999999994,103.01,C-Customer,EXIT IMMEDIATELY
CUST-369,Perry-Davis,Mid-Market,-7201.15,52,6.0,2000,-45206.899999999994,-45206.899999999994,-22.60345,104.63,C-Customer,EXIT IMMEDIATELY
CUST-370,Edwards-Scott,SMB,-6947.82,48,2.5,300,-17669.55,-17669.55,-58.8985,101.73,C-Customer,EXIT IMMEDIATELY
CUST-371,Mcdaniel Group,Enterprise,3950.35,18,12.0,10000,37404.2,37404.2,3.74042,78.9,A-Customer,INVEST & EXPAND
CUST-372,Davis Inc,Mid-Market,-6028.46,49,6.0,2000,-38170.76,-38170.76,-19.08538,105.53,C-Customer,EXIT IMMEDIATELY
CUST-373,Reynolds Ltd,SMB,-2913.62,38,2.5,300,-7584.049999999999,-7584.049999999999,-25.280166666666663,104.12,C-Customer,EXIT IMMEDIATELY
CUST-374,"Watson, Anderson and Brown",Mid-Market,4545.81,17,6.0,2000,25274.86,25274.86,12.63743,92.67,A-Customer,INVEST & EXPAND
CUST-375,"Hoffman, Santiago and Jenkins",SMB,-2820.7,34,2.5,300,-7351.75,-7351.75,-24.50583333333333,104.25,C-Customer,EXIT IMMEDIATELY
CUST-376,"Pugh, Henderson and Moon",SMB,-5109.88,37,2.5,300,-13074.7,-13074.7,-43.58233333333334,102.35,C-Customer,EXIT IMMEDIATELY
CUST-377,Schmitt PLC,Mid-Market,7392.36,17,6.0,2000,42354.159999999996,42354.159999999996,21.177079999999997,95.49,A-Customer,INVEST & EXPAND
CUST-378,Bell-Lane,Mid-Market,-5755.22,49,6.0,2000,-36531.32,-36531.32,-18.26566,105.79,C-Customer,EXIT IMMEDIATELY
CUST-379,Moore Group,SMB,-5300.2,39,2.5,300,-13550.5,-13550.5,-45.16833333333334,102.26,C-Customer,EXIT IMMEDIATELY
CUST-380,Boone LLC,Mid-Market,2215.1600000000003,12,6.0,2000,11290.960000000003,11290.960000000003,5.645480000000001,84.95,A-Customer,INVEST & EXPAND
CUST-381,"Richardson, Farmer and Andrews",Mid-Market,-5998.79,50,6.0,2000,-37992.74,-37992.74,-18.99637,105.56,C-Customer,EXIT IMMEDIATELY
CUST-382,Bruce-Villegas,Mid-Market,-4835.88,40,6.0,2000,-31015.28,-31015.28,-15.507639999999999,106.89,C-Customer,EXIT IMMEDIATELY
CUST-383,"Austin, Day and Johnson",Enterprise,-6398.52,52,12.0,10000,-86782.24,-86782.24,-8.678224,113.02,C-Customer,EXIT IMMEDIATELY
CUST-384,"Gallegos, Adams and White",SMB,-3173.1,34,2.5,300,-8232.75,-8232.75,-27.4425,103.78,C-Customer,EXIT IMMEDIATELY
CUST-385,"Farmer, Dorsey and Bell",Enterprise,-319.16999999999996,34,12.0,10000,-13830.039999999999,-13830.039999999999,-1.383004,361.09,C-Customer,EXIT IMMEDIATELY
CUST-386,Kane PLC,SMB,-5529.71,45,2.5,300,-14124.275,-14124.275,-47.08091666666667,102.17,C-Customer,EXIT IMMEDIATELY
CUST-387,"Morales, Thomas and Schultz",SMB,-2999.06,37,2.5,300,-7797.65,-7797.65,-25.992166666666666,104.0,C-Customer,EXIT IMMEDIATELY
CUST-388,Davis PLC,Mid-Market,-5522.88,39,6.0,2000,-35137.28,-35137.28,-17.56864,106.04,C-Customer,EXIT IMMEDIATELY
CUST-389,Bennett Group,SMB,-3375.28,33,2.5,300,-8738.2,-8738.2,-29.127333333333336,103.56,C-Customer,EXIT IMMEDIATELY
CUST-390,Moore-Collins,SMB,-4162.09,35,2.5,300,-10705.225,-10705.225,-35.684083333333334,102.88,C-Customer,EXIT IMMEDIATELY
CUST-391,Frank-Bradley,SMB,-3528.58,47,2.5,300,-9121.45,-9121.45,-30.404833333333336,103.4,C-Customer,EXIT IMMEDIATELY
CUST-392,Ware and Sons,SMB,-4635.48,39,2.5,300,-11888.699999999999,-11888.699999999999,-39.629,102.59,C-Customer,EXIT IMMEDIATELY
CUST-393,Webster Inc,SMB,-4960.32,46,2.5,300,-12700.8,-12700.8,-42.336,102.42,C-Customer,EXIT IMMEDIATELY
CUST-394,"Miller, Ramos and Coleman",Mid-Market,-1138.8600000000001,41,6.0,2000,-8833.16,-8833.16,-4.41658,129.27,C-Customer,EXIT IMMEDIATELY
CUST-395,"Ramos, Nelson and Fischer",SMB,-7137.87,51,2.5,300,-18144.675,-18144.675,-60.48225,101.68,C-Customer,EXIT IMMEDIATELY
CUST-396,Reed Inc,SMB,-7543.070000000001,54,2.5,300,-19157.675000000003,-19157.675000000003,-63.85891666666668,101.59,C-Customer,EXIT IMMEDIATELY
CUST-397,Gregory-Watkins,Mid-Market,6529.11,14,6.0,2000,37174.659999999996,37174.659999999996,18.587329999999998,94.89,A-Customer,INVEST & EXPAND
CUST-398,"Estrada, Williams and Foster",Mid-Market,-4293.45,37,6.0,2000,-27760.699999999997,-27760.699999999997,-13.880349999999998,107.76,C-Customer,EXIT IMMEDIATELY
CUST-399,"Brown, Harris and Dougherty",SMB,-2192.79,34,2.5,300,-5781.975,-5781.975,-19.27325,105.47,C-Customer,EXIT IMMEDIATELY
CUST-400,Duran LLC,SMB,-3598.2200000000003,35,2.5,300,-9295.550000000001,-9295.550000000001,-30.98516666666667,103.33,C-Customer,EXIT IMMEDIATELY
CUST-401,Wilson-Jimenez,SMB,-6381.89,49,2.5,300,-16254.725,-16254.725,-54.18241666666667,101.88,C-Customer,EXIT IMMEDIATELY
CUST-402,Thompson-James,Mid-Market,-1634.34,44,6.0,2000,-11806.039999999999,-11806.039999999999,-5.90302,120.4,C-Customer,EXIT IMMEDIATELY
CUST-403,"Hall, Hansen and Barnett",Mid-Market,-6860.05,44,6.0,2000,-43160.3,-43160.3,-21.58015,104.86,C-Customer,EXIT IMMEDIATELY
CUST-404,Jones-Hensley,Mid-Market,-2359.5499999999997,37,6.0,2000,-16157.3,-16157.3,-8.07865,114.13,C-Customer,EXIT IMMEDIATELY
CUST-405,Graham Group,Mid-Market,-6304.32,46,6.0,2000,-39825.92,-39825.92,-19.912959999999998,105.29,C-Customer,EXIT IMMEDIATELY
CUST-406,Atkins PLC,SMB,-5787.07,48,2.5,300,-14767.675,-14767.675,-49.22558333333333,102.07,C-Customer,EXIT IMMEDIATELY
CUST-407,Berry-Mckinney,Mid-Market,401.4400000000001,36,6.0,2000,408.6400000000008,408.6400000000008,0.2043200000000004,16.97,B-Customer,MAINTAIN & MONITOR
CUST-408,Roberts-Sullivan,Enterprise,11876.85,12,12.0,10000,132522.2,132522.2,13.252220000000001,92.98,A-Customer,INVEST & EXPAND
CUST-409,Jackson-Meza,Mid-Market,2522.29,16,6.0,2000,13133.74,13133.74,6.56687,86.78,A-Customer,INVEST & EXPAND
CUST-410,Collier-Gillespie,Mid-Market,-3955.38,48,6.0,2000,-25732.28,-25732.28,-12.86614,108.43,C-Customer,EXIT IMMEDIATELY
CUST-411,Kim Inc,SMB,-5722.97,47,2.5,300,-14607.425000000001,-14607.425000000001,-48.69141666666667,102.1,C-Customer,EXIT IMMEDIATELY
CUST-412,Graham Group,SMB,-1779.1,33,2.5,300,-4747.75,-4747.75,-15.825833333333334,106.74,C-Customer,EXIT IMMEDIATELY
CUST-413,"Miller, Harrell and Reese",SMB,-1047.52,46,2.5,300,-2918.8,-2918.8,-9.729333333333335,111.46,C-Customer,EXIT IMMEDIATELY
CUST-414,Cook and Sons,Mid-Market,181.01,38,6.0,2000,-913.94,-913.94,-0.45697000000000004,-84.15,C-Customer,RENEGOTIATE TERMS
CUST-415,Dixon Inc,SMB,-2407.5,37,2.5,300,-6318.75,-6318.75,-21.0625,104.98,C-Customer,EXIT IMMEDIATELY
CUST-416,"Hicks, Bullock and Bailey",Mid-Market,2049.2000000000003,12,6.0,2000,10295.2,10295.2,5.147600000000001,83.73,A-Customer,INVEST & EXPAND
CUST-417,"Mullen, Brewer and Hernandez",Mid-Market,4348.49,15,6.0,2000,24090.94,24090.94,12.04547,92.33,A-Customer,INVEST & EXPAND
CUST-418,Thomas and Sons,Mid-Market,-2380.52,47,6.0,2000,-16283.119999999999,-16283.119999999999,-8.14156,114.0,C-Customer,EXIT IMMEDIATELY
CUST-419,Morrison Ltd,Mid-Market,7744.26,18,6.0,2000,44465.56,44465.56,22.232779999999998,95.7,A-Customer,INVEST & EXPAND
CUST-420,Thompson Ltd,SMB,-3789.88,35,2.5,300,-9774.7,-9774.7,-32.58233333333334,103.17,C-Customer,EXIT IMMEDIATELY
CUST-421,Marshall-Elliott,Mid-Market,-1071.52,48,6.0,2000,-8429.119999999999,-8429.119999999999,-4.21456,131.11,C-Customer,EXIT IMMEDIATELY
CUST-422,"Cole, Glass and Cunningham",Mid-Market,3217.5,16,6.0,2000,17305.0,17305.0,8.6525,89.64,A-Customer,INVEST & EXPAND
CUST-423,"Downs, Morris and Maddox",Mid-Market,-5451.44,46,6.0,2000,-34708.64,-34708.64,-17.35432,106.11,C-Customer,EXIT IMMEDIATELY
CUST-424,Hernandez-Jones,Mid-Market,3190.21,18,6.0,2000,17141.260000000002,17141.260000000002,8.570630000000001,89.55,A-Customer,INVEST & EXPAND
CUST-425,Welch-Hogan,Mid-Market,5586.860000000001,13,6.0,2000,31521.160000000003,31521.160000000003,15.760580000000001,94.03,A-Customer,INVEST & EXPAND
CUST-426,"Brown, Romero and Collins",Mid-Market,-2973.06,33,6.0,2000,-19838.36,-19838.36,-9.91918,111.21,C-Customer,EXIT IMMEDIATELY
CUST-427,Johnson-Wood,Mid-Market,165.64000000000016,36,6.0,2000,-1006.1599999999991,-1006.1599999999991,-0.5030799999999995,-101.24,C-Customer,EXIT IMMEDIATELY
CUST-428,Jones-Lin,Enterprise,640.2099999999997,52,12.0,10000,-2317.480000000003,-2317.480000000003,-0.23174800000000031,-30.17,C-Customer,EXIT IMMEDIATELY
CUST-429,Gilbert PLC,SMB,-4229.51,50,2.5,300,-10873.775000000001,-10873.775000000001,-36.24591666666667,102.84,C-Customer,EXIT IMMEDIATELY
CUST-430,Ford-Spencer,SMB,-4141.49,39,2.5,300,-10653.724999999999,-10653.724999999999,-35.51241666666666,102.9,C-Customer,EXIT IMMEDIATELY
CUST-431,"Huang, Cole and Pacheco",Mid-Market,-2409.03,46,6.0,2000,-16454.18,-16454.18,-8.22709,113.84,C-Customer,EXIT IMMEDIATELY
CUST-432,"Lopez, Jacobs and Mason",Mid-Market,1061.79,37,6.0,2000,4370.74,4370.74,2.18537,68.61,B-Customer,MAINTAIN & MONITOR
CUST-433,Hayes LLC,Mid-Market,-8040.07,49,6.0,2000,-50240.42,-50240.42,-25.12021,104.15,C-Customer,EXIT IMMEDIATELY
CUST-434,"Miller, Lucas and Williams",SMB,-5512.83,45,2.5,300,-14082.075,-14082.075,-46.94025,102.18,C-Customer,EXIT IMMEDIATELY
CUST-435,"Kim, Gonzales and Mills",Mid-Market,-5632.45,48,6.0,2000,-35794.7,-35794.7,-17.89735,105.92,C-Customer,EXIT IMMEDIATELY
CUST-436,Cox LLC,Enterprise,2813.89,34,12.0,10000,23766.68,23766.68,2.376668,70.39,A-Customer,INVEST & EXPAND
CUST-437,Ortiz-Morgan,Mid-Market,-2837.04,45,6.0,2000,-19022.239999999998,-19022.239999999998,-9.511119999999998,111.75,C-Customer,EXIT IMMEDIATELY
CUST-438,"Williams, Mccoy and Cook",Enterprise,14920.39,14,12.0,10000,169044.68,169044.68,16.904467999999998,94.41,A-Customer,INVEST & EXPAND
CUST-439,Davis-Gregory,SMB,-4382.86,38,2.5,300,-11257.15,-11257.15,-37.52383333333333,102.74,C-Customer,EXIT IMMEDIATELY
CUST-440,King-York,SMB,-4529.45,34,2.5,300,-11623.625,-11623.625,-38.745416666666664,102.65,C-Customer,EXIT IMMEDIATELY
